Site,Date,Transect,Lat..Start.,Long..Start.,Lat..End.,Long..End.,Quad.No,Side,Cr.NC,Cr.Cor,AC,Fila.,Cort.,Foliose,Leath.,Kelp,SG,BR,Mussel,Anem.,Barn.,Other,Investigators,Entered.By,Checked.By,Notes
Point Pinos,20210629,6,36.63841,121.93748,36.63851,121.93765,1,NA,80,0,0.5,0,1,4.5,92,0,0.5,4,0.5,0,0,0,"DP, EC",DP,KR,
Point Pinos,20210629,6,36.63841,121.93748,36.63851,121.93765,2,NA,90,0,0.5,0.5,3,1,17,0,0,28,0,1,0,0,"DP, EC",DP,,
Point Pinos,20210629,6,36.63841,121.93748,36.63851,121.93765,3,NA,50,10,1,0,3,0,15,0,0.75,5,0,0,0,0.5,"DP, EC",DP,,SS
Point Pinos,20210629,6,36.63841,121.93748,36.63851,121.93765,4,NA,50,25,0.5,0,10,0,8,0,8,0,0,1,0,1,"DP, EC",DP,,BS
Point Pinos,20210629,6,36.63841,121.93748,36.63851,121.93765,5,NA,49,5,2,1,20,0,11,0,0,10,14,0,0,3,"DP, EC",DP,,
Cannery Row,20210626,3,36.61393,121.89761,36.614,121.89775,1,Sea,9,2,0,0,3,0,11,0,0,50,21,0,10,0,"IH, PS",DP,,
Cannery Row,20210626,3,36.61393,121.89761,36.614,121.89775,2,Land,10,1,27,1,14,2,13,0,0,5,13,0,5,10,"IH, PS",DP,,
Cannery Row,20210626,3,36.61393,121.89761,36.614,121.89775,3,Sea,8,2,6,0,13,0,42,0,0,7,20,1,0,0,"IH, PS",DP,,
Cannery Row,20210626,3,36.61393,121.89761,36.614,121.89775,4,Land,10,7,3,0,16,0,32,0,0,50,3,0,1,1,"IH, PS",DP,,
Cannery Row,20210626,3,36.61393,121.89761,36.614,121.89775,5,Sea,29,12,28,1,9,0,7,0,0,18,2,1,0,0,"IH, PS",DP,,
Point Pinos,20210629,5,36.63845,121.93727,36.63843,121.93748,1,Land,36,4,0,1,4,45,22,0,0,5,1,1,0,0,IH,DP,,
Point Pinos,20210629,5,36.63845,121.93727,36.63843,121.93748,2,Sea,35,8,0,1,30,5,16,0,0,12,1,1,2,0,IH,DP,,
Point Pinos,20210629,5,36.63845,121.93727,36.63843,121.93748,3,Sea,38,12,0,0,1,1,15,0,22,8,0,0,1,0,IH,DP,,
Point Pinos,20210629,5,36.63845,121.93727,36.63843,121.93748,4,Land,30,3,0,1,2,42,10,0,0,7,0,1,1,0,IH,DP,,
Point Pinos,20210629,5,36.63845,121.93727,36.63843,121.93748,5,Land,31,3,0,0,7,4,27,0,0,18,0,1,1,0,IH,DP,,
Cannery Row,20210628,6,36.61452,121.8977,36.61444,121.89784,1,Land,0,1,1,0,0,0,0,2,0,1,93,1,0,2,"IH. DP, EC",DP,,
Cannery Row,20210628,6,36.61452,121.8977,36.61444,121.89784,2,Sea,16,19,12,0,12,0,72,0,0,6,2,0,1,7,"IH. DP, EC",DP,,
Cannery Row,20210628,6,36.61452,121.8977,36.61444,121.89784,3,Land,13,10,4,0,0,0,51,0,0,14,1,1,1,0,"IH. DP, EC",DP,,
Cannery Row,20210628,6,36.61452,121.8977,36.61444,121.89784,4,Sea,17,4,1,0,6,0,13,0,0,23,1,2,1,23,"IH. DP, EC",DP,,
Cannery Row,20210628,6,36.61452,121.8977,36.61444,121.89784,5,Land,6,0,0,1,4,0,53,0,0,21,6,0,5,0,"IH. DP, EC",DP,,
Sea Palm,20210625,1,36.62799,121.92024,36.62784,121.92014,1,NA,16,2,1,1,2,0,0,0,56,18,0,0,1,0,IH,DP,,
Sea Palm,20210625,1,36.62799,121.92024,36.62784,121.92014,2,NA,22,1,6,1,12,0,26,0,25,8,0,0,0,0,IH,DP,,
Sea Palm,20210625,1,36.62799,121.92024,36.62784,121.92014,3,NA,14,6,1,2,27,0,26,0,25,8,0,1,1,0,IH,DP,,"12-14m underwater, quadrat done at 11-12"
Sea Palm,20210625,1,36.62799,121.92024,36.62784,121.92014,4,NA,3,1,1,1,1,5,5,0,93,2,0,0,0,0,IH,DP,,
Sea Palm,20210625,1,36.62799,121.92024,36.62784,121.92014,5,NA,41,1,3,0,17,1,19,0,1,12,0,0,0,0,IH,DP,,
Point Pinos,20210727,8,36.63837,121.9385,36.63827,121.93832,1,Land,20,5,1,0,13,38,14,16,0,11,2,2,1,0,"PS, IH",DP,,
Point Pinos,20210727,8,36.63837,121.9385,36.63827,121.93832,2,Sea,17,3,10,0,4,9,10,21,0,5,29,1,3,0,"PS, IH",DP,,
Point Pinos,20210727,8,36.63837,121.9385,36.63827,121.93832,3,Land,17,3,1,0,8,15,18,29,0,9,22,0,5,0,"PS, IH",DP,,
Point Pinos,20210727,8,36.63837,121.9385,36.63827,121.93832,4,Sea,7,2,0,0,6,4,51,0,0,27,0,1,5,0,"PS, IH",DP,,
Point Pinos,20210727,8,36.63837,121.9385,36.63827,121.93832,5,Sea,12,1,0,0,2,39,34,0,0,3,0,4,0,0,"PS, IH",DP,,
Sea Palm,20210625,2,36.62804,121.92047,36.62801,121.92026,1,NA,16,2,0,0,52,0,20,0,0,10,0.5,1,0,0,"EV, EC, PS",DP,,
Sea Palm,20210625,2,36.62804,121.92047,36.62801,121.92026,2,NA,30,13,1,1,7,0,28,0,1,21,0,1,0,0,"EV, EC, PS",DP,,
Sea Palm,20210625,2,36.62804,121.92047,36.62801,121.92026,3,NA,27,3,0,0,15,0,0,0,0,63,0,2,0,4,"EV, EC, PS",DP,,
Sea Palm,20210625,2,36.62804,121.92047,36.62801,121.92026,4,NA,8,4,13,0,8,0,15,0,3,12,0,0,0,0,"EV, EC, PS",DP,,
Sea Palm,20210625,2,36.62804,121.92047,36.62801,121.92026,5,NA,24,10,3,0,7,20,9,0,0,2,0,0.5,9,1,"EV, EC, PS",DP,,
Sea Palm,20210625,3,36.62809,121.92063,36.62818,121.92081,1,NA,1.3,0.5,0.5,0,0,0,20,0,2,74,0,0,0,0,"KR, ADT, LD",DP,,
Sea Palm,20210625,3,36.62809,121.92063,36.62818,121.92081,2,NA,64,0,0,2,18,0,4,0,1,5,0,3,0,0,"KR, ADT, LD",DP,,
Sea Palm,20210625,3,36.62809,121.92063,36.62818,121.92081,3,NA,11,3,0,2,11,0,4,0,6,65,0,0,0,3,"KR, ADT, LD",DP,,
Sea Palm,20210625,3,36.62809,121.92063,36.62818,121.92081,4,NA,32,0,0,0,19,0,2,0,3,48,0,7,0,11,"KR, ADT, LD",DP,,
Sea Palm,20210625,3,36.62809,121.92063,36.62818,121.92081,5,NA,12,0,0,0.5,32,0,2,0,1,54,0,0,0,7,"KR, ADT, LD",DP,,
Point Pinos,20210727,7,36.6385,121.93833,36.6384,121.93849,1,Sea,10,24,20,1,7,15,12,55,0,3,20,0,4,0,"KR, EV",DP,,
Point Pinos,20210727,7,36.6385,121.93833,36.6384,121.93849,2,Land,10,5,15,1,10,23,3,18,0,16,28,0,3,0,"KR, EV",DP,,
Point Pinos,20210727,7,36.6385,121.93833,36.6384,121.93849,3,Sea,3,1,2,0,1,2,25,90,65,1,0,0,0,1,"KR, EV",DP,,
Point Pinos,20210727,7,36.6385,121.93833,36.6384,121.93849,4,Land,23,10,5,0,22,18,30,4,0,8,14,0,6,5,"KR, EV",DP,,
Point Pinos,20210727,7,36.6385,121.93833,36.6384,121.93849,5,Sea,35,10,8,0,7,45,26,10,0,8,0,1,4,2,"KR, EV",DP,,
Point Pinos,20210727,9,36.63832,121.93836,36.6382,121.93809,1,Sea,89,3,0,0,10,35,54,0,0,1,0,0,0,0,"DP, EC, ADT",DP,,
Point Pinos,20210727,9,36.63832,121.93836,36.6382,121.93809,2,Land,14,12,0,0,3,35,48,4,0,0,0,0,0,0,"DP, EC, ADT",DP,,
Point Pinos,20210727,9,36.63832,121.93836,36.6382,121.93809,3,Sea,33,0.5,0,0,18,15,70,50,0,0.5,0,0,0,0,"DP, EC, ADT",DP,,
Point Pinos,20210727,9,36.63832,121.93836,36.6382,121.93809,4,Land,37,0,0,0,4,1,33,0,0,19,0,0,12,0,"DP, EC, ADT",DP,,
Point Pinos,20210727,9,36.63832,121.93836,36.6382,121.93809,5,Sea,30,0.5,0.5,0,10,41,40,0,0,8,5,0,2,0,"DP, EC, ADT",DP,,
Hopkins,20210724,5,36.6215,121.90343,36.6216,121.90361,1,Land,98,0,0,0,24,0,46,0,0,2,1,0,0,0,"ADT, KR, EV",DP,,
Hopkins,20210724,5,36.6215,121.90343,36.6216,121.90361,2,Sea,33,4,0,0,13,7,12,0,0,8,55,6,5,0,"ADT, KR, EV",DP,,
Hopkins,20210724,5,36.6215,121.90343,36.6216,121.90361,3,Land,22,2,0,0,6,1,83,0,0,2,2,4,0,0,"ADT, KR, EV",DP,,
Hopkins,20210724,5,36.6215,121.90343,36.6216,121.90361,4,Sea,19,3,0,0,2,0,70,0,7,22,2,3,0,0,"ADT, KR, EV",DP,,
Hopkins,20210724,5,36.6215,121.90343,36.6216,121.90361,5,Land,6,5,0,0,2,0,65,0,9,13,2,4,0,0,"ADT, KR, EV",DP,,
Hopkins,20210724,8,36.62132,121.90369,36.62144,121.90384,1,Sea,85,3,0,0,18,0,16,0,0,5,2,10,0,0,"ADT, KR, EV",DP,,
Hopkins,20210724,8,36.62132,121.90369,36.62144,121.90384,2,Land,37,1,0,0,33,0,78,0,0,3,0,5,0,0,"ADT, KR, EV",DP,,
Hopkins,20210724,8,36.62132,121.90369,36.62144,121.90384,3,Sea,21,0,0,0,47,0,76,0,0,5,1,1,0,0,"ADT, KR, EV",DP,,
Hopkins,20210724,8,36.62132,121.90369,36.62144,121.90384,4,Land,31,1,0,0,41,0,69,0,2,9,0,3,0,0,"ADT, KR, EV",DP,,
Hopkins,20210724,8,36.62132,121.90369,36.62144,121.90384,5,Sea,12,5,0,0,7,0,34,0,28,12,3,4,0,0,"ADT, KR, EV",DP,,
Hopkins,20210724,7,36.62176,121.90339,36.62192,121.90342,1,NA,5,28,2,0,0,0,24,1,35,3,1,6,0,0,"PS, LD, AH, CB",DP,,
Hopkins,20210724,7,36.62176,121.90339,36.62192,121.90342,2,NA,38,1,0,0,0,0,46,0,2,2,1,5,2,0,"PS, LD, AH, CB",DP,,
Hopkins,20210724,7,36.62176,121.90339,36.62192,121.90342,3,NA,50,10,0,1,1,12,45,0,12,2,1,3,1,1,"PS, LD, AH, CB",DP,,
Hopkins,20210724,7,36.62176,121.90339,36.62192,121.90342,4,NA,2,35,6,0,0,0,40,0,16,0,2,5,0,0,"PS, LD, AH, CB",DP,,
Hopkins,20210724,7,36.62176,121.90339,36.62192,121.90342,5,NA,3,2,14,0,2,0,10,40,8,3,32,10,4,4,"PS, LD, AH, CB",DP,,
Point Pinos,20210624,1,36.63766,121.93625,36.63775,121.93644,1,NA,NA,NA,NA,NA,NA,NA,NA,NA,NA,NA,NA,NA,NA,NA,"LD, DP",DP,,tide too high to finish
Point Pinos,20210624,1,36.63766,121.93625,36.63775,121.93644,2,NA,NA,NA,NA,NA,NA,NA,NA,NA,NA,NA,NA,NA,NA,NA,"LD, DP",DP,,
Point Pinos,20210624,1,36.63766,121.93625,36.63775,121.93644,3,NA,NA,NA,NA,NA,NA,NA,NA,NA,NA,NA,NA,NA,NA,NA,"LD, DP",DP,,
Point Pinos,20210624,1,36.63766,121.93625,36.63775,121.93644,4,NA,20,25,0,0,0,5,9,0,0,0,0,0,0,0,"LD, DP",DP,,
Point Pinos,20210624,1,36.63766,121.93625,36.63775,121.93644,5,NA,4.5,4.5,0.5,0,10,0,0.5,0,8,8.5,0,0,0,0,"LD, DP",DP,,
Carmel Point,20210714,NA1,36.54351,121.93417,36.54333,121.93414,1,Land,27,11,1,0,4,67,30,0,0,4,0,0,3,2,"PS, KR, EV",DP,,
Carmel Point,20210714,NA1,36.54351,121.93417,36.54333,121.93414,2,Sea,15,5,2,0,1,70,50,0,0,8,0,0,0,0,"PS, KR, EV",DP,,
Carmel Point,20210714,NA1,36.54351,121.93417,36.54333,121.93414,3,Land,30,5,0,0,4,32,55,0,0,2,0,1,2,4,"PS, KR, EV",DP,,
Carmel Point,20210714,NA1,36.54351,121.93417,36.54333,121.93414,4,Sea,14,4,1,0,0,60,67,0,0,4,0,2,1,4,"PS, KR, EV",DP,,
Carmel Point,20210714,NA1,36.54351,121.93417,36.54333,121.93414,5,Land,22,2,1,0,1,64,55,0,0,11,0,1,0,0,"PS, KR, EV",DP,,
Hopkins,20210724,6,36.62172,121.90352,36.62175,121.90372,1,Sea,39,0,0,0,1,1,7,0,0,23,34,6,4,0,IH,EV,,
Hopkins,20210724,6,36.62172,121.90352,36.62175,121.90372,2,Land,58,0,0,0,0,0,5,0,3,10,14,1,2,0,IH,EV,,
Hopkins,20210724,6,36.62172,121.90352,36.62175,121.90372,3,Sea,21,0,0,0,1,2,33,3,29,4,24,3,0,0,IH,EV,,
Hopkins,20210724,6,36.62172,121.90352,36.62175,121.90372,4,Land,31,0,0,1,2,1,54,0,2,2,9,5,1,0,IH,EV,,
Hopkins,20210724,6,36.62172,121.90352,36.62175,121.90372,5,Sea,37,4,0,0,2,2,23,0,0,13,10,2,2,0,IH,EV,,
Carmel Point,20210711,6,36.54421,121.93368,36.54408,121.93379,1,Land,15,0,0,0,16,1,58,0,0,9,0,2,0,0,"PS, IH",DP,,
Carmel Point,20210711,6,36.54421,121.93368,36.54408,121.93379,2,Sea,13,0,0,0,8,6,71,0,0,4,0,1,0,0,"PS, IH",DP,,
Carmel Point,20210711,6,36.54421,121.93368,36.54408,121.93379,3,Land,3,8,1,0,26,29,55,0,0,4,0,0,0,0,"PS, IH",DP,,
Carmel Point,20210711,6,36.54421,121.93368,36.54408,121.93379,4,Sea,7,2,0,0,26,23,46,0,0,3,0,1,0,0,"PS, IH",DP,,
Carmel Point,20210711,6,36.54421,121.93368,36.54408,121.93379,5,Land,3,6,0,0,12,42,44,0,0,9,0,1,0,0,"PS, IH",DP,,
Hopkins,20210723,1,36.62128,121.90355,36.62142,121.90365,1,Sea,9,1,0,1,21,1,44,0,0,3,0,2,0,0,"PS, IH",EV,,
Hopkins,20210723,1,36.62128,121.90355,36.62142,121.90365,2,Land,10,4,0,0,8,0,65,0,0,2,0,13,0,1,"PS, IH",EV,,
Hopkins,20210723,1,36.62128,121.90355,36.62142,121.90365,3,Sea,15,2,0,0,27,0,36,0,0,9,3,2,2,0,"PS, IH",EV,,
Hopkins,20210723,1,36.62128,121.90355,36.62142,121.90365,4,Land,20,1,0,0,21,0,47,0,0,11,3,2,0,0,"PS, IH",EV,,BR is mostly mussel debris
Hopkins,20210723,1,36.62128,121.90355,36.62142,121.90365,5,Sea,30,0,0,0,20,0,95,0,0,5,0,20,0,0,"PS, IH",EV,,
Carmel Point,20210710,1,36.54432,121.93375,36.54414,121.93387,1,Sea,34,5,0,0,11,14,26,12,0,6,0,1,1,0,"IH, KR",DP,,
Carmel Point,20210710,1,36.54432,121.93375,36.54414,121.93387,2,Sea,7,19,12,0,10,28,31,1,1,1,0,0,1,0,"IH, KR",DP,,
Carmel Point,20210710,1,36.54432,121.93375,36.54414,121.93387,3,Land,22,4,1,0,15,27,13,0,0,4,3,0,2,0,"IH, KR",DP,,
Carmel Point,20210710,1,36.54432,121.93375,36.54414,121.93387,4,Land,0,0,0,0,0,0,0,100,0,0,0,0,0,0,"IH, KR",DP,,
Carmel Point,20210710,1,36.54432,121.93375,36.54414,121.93387,5,Sea,27,1,2,0,11,58,26,0,7,1,0,0,0,0,"IH, KR",DP,,
Carmel Point,20210710,2,36.54411,121.93386,36.54395,121.93394,1,Land,80,2,0,0,1,65,54,0,0,1,0,0,0,0,"PS, DP, EV",DP,,
Carmel Point,20210710,2,36.54411,121.93386,36.54395,121.93394,2,Sea,21,20,9,0,0,4,6,15,3,22,0,2,1,1,"PS, DP, EV",DP,,
Carmel Point,20210710,2,36.54411,121.93386,36.54395,121.93394,3,Land,45,1,1,0,8,54,18,0,0,2,3,0,1,0,"PS, DP, EV",DP,,
Carmel Point,20210710,2,36.54411,121.93386,36.54395,121.93394,4,Sea,NA,NA,NA,NA,NA,NA,NA,NA,NA,NA,NA,NA,NA,NA,"PS, DP, EV",DP,,Did not do because tide came up
Carmel Point,20210710,2,36.54411,121.93386,36.54395,121.93394,5,Land,7,3,0,0,31,1,11,0,0,30,27,1,4,0,"PS, DP, EV",DP,,"13-17m underwater, quad 5 done at 20-21m"
Hopkins,20210723,2,36.54352,121.93419,36.6213,121.90335,1,Land,1,0.5,0,0,3,0,14,0,0,15,0,0,80,0,"DP, EV, EC",EV,,
Hopkins,20210723,2,36.54352,121.93419,36.6213,121.90335,2,Sea,80,4,0,0,20,0.5,75,0,0,2,0,10,0,0,"DP, EV, EC",EV,,
Hopkins,20210723,2,36.54352,121.93419,36.6213,121.90335,3,Land,11,0,0,0,0,1,10,0,55,60,0,1,0,0,"DP, EV, EC",EV,,
Hopkins,20210723,2,36.54352,121.93419,36.6213,121.90335,4,Sea,12,0,0,0,4,0,20,0,60,47,0,1,0,0,"DP, EV, EC",EV,,
Hopkins,20210723,2,36.54352,121.93419,36.6213,121.90335,5,Land,85,0,0,0.5,11,0,70,0,0,4,0,4,0,0,"DP, EV, EC",EV,,
Carmel Point,20210711,4,36.54374,121.93417,36.54359,121.9347,1,NA,NA,NA,NA,NA,NA,NA,NA,NA,NA,NA,NA,NA,NA,NA,"EC, ADT, LD",KR,,
Carmel Point,20210711,4,36.54374,121.93417,36.54359,121.9347,2,NA,NA,NA,NA,NA,NA,NA,NA,NA,NA,NA,NA,NA,NA,NA,"EC, ADT, LD",KR,,
Carmel Point,20210711,4,36.54374,121.93417,36.54359,121.9347,3,NA,NA,NA,NA,NA,NA,NA,NA,NA,NA,NA,NA,NA,NA,NA,"EC, ADT, LD",KR,,
Carmel Point,20210711,4,36.54374,121.93417,36.54359,121.9347,4,NA,44,15,19,0,0,24,57,1,0.5,20,1,2,4,0,"EC, ADT, LD",KR,,
Carmel Point,20210711,4,36.54374,121.93417,36.54359,121.9347,5,Sea,25,21,14,0,1,54,51,1,1,46,0,1,15,2,"EC, ADT, LD",KR,,
Carmel Point,20210711,5,36.54359,121.93425,36.54346,121.93418,1,Land,39,11,1,0,1,43,64,0,0,0,0,0,0,0,"KR, DP, EV",KR,,
Carmel Point,20210711,5,36.54359,121.93425,36.54346,121.93418,2,Sea,NA,NA,NA,NA,NA,NA,NA,NA,NA,NA,NA,NA,NA,NA,"KR, DP, EV",KR,,"tide rising, could not complete Q2"
Carmel Point,20210711,5,36.54359,121.93425,36.54346,121.93418,3,Land,100,0,0,0,0,45,90,0,0,10,0,0,0,0,"KR, DP, EV",KR,,
Carmel Point,20210711,5,36.54359,121.93425,36.54346,121.93418,4,Sea,10,15,12,0,0,37,44,2,0,4,0,1,1,3,"KR, DP, EV",KR,,
Carmel Point,20210711,5,36.54359,121.93425,36.54346,121.93418,5,Land,8,6,1,0,1,52,38,0,0,7,0,0,0,0,"KR, DP, EV",KR,,
Carmel Point,20210714,NA2,36.54378,121.93433,36.54359,121.93419,1,Land,28,5,1,0,0,56,22,0,0,5,0,1,0,0,IH,KR,,
Carmel Point,20210714,NA2,36.54378,121.93433,36.54359,121.93419,2,Sea,11,6,2,0,1,76,19,0,0,4,0,0,1,0,IH,KR,,
Carmel Point,20210714,NA2,36.54378,121.93433,36.54359,121.93419,3,Land,31,1,1,0,1,49,18,0,0,12,0,1,2,0,IH,KR,,
Carmel Point,20210714,NA2,36.54378,121.93433,36.54359,121.93419,4,Sea,24,2,1,0,1,46,23,0,0,21,0,1,4,0,IH,KR,,
Carmel Point,20210714,NA2,36.54378,121.93433,36.54359,121.93419,5,Land,98,5,0,0,2,50,90,0,0,10,0,0,0,0,IH,KR,,
Carmel Point,20210710,3,36.54392,121.93395,36.54382,121.93414,1,NA,0,50,0,0,25,0,90,0,0,4,2,0.5,2,0.5,"ADT, LD, EV",KR,,
Carmel Point,20210710,3,36.54392,121.93395,36.54382,121.93414,2,NA,0,0,0,0,20,0,44,0,0,60,9,0,0.5,2,"ADT, LD, EV",KR,,
Carmel Point,20210710,3,36.54392,121.93395,36.54382,121.93414,3,NA,98,0,0,0,4,4.8,56,0,0,0.5,0,2,0,0,"ADT, LD, EV",KR,,
Carmel Point,20210710,3,36.54392,121.93395,36.54382,121.93414,4,NA,50,0,0,0,0.5,24,90,0,0,24,0,0.5,2,0,"ADT, LD, EV",KR,,
Carmel Point,20210710,3,36.54392,121.93395,36.54382,121.93414,5,NA,80,0,0,0,8.5,36.5,98,0,0,0.05,0,2,0.01,0,"ADT, LD, EV",KR,,
Cannery Row,20210626,4,36.61407,121.89777,36.61425,121.89784,1,NA,NA,NA,NA,NA,NA,NA,NA,NA,NA,NA,NA,NA,NA,NA,"AJH, EV",KR,,quadrat underwater so couldn't complete
Cannery Row,20210626,4,36.61407,121.89777,36.61425,121.89784,2,NA,39,0,2,0,16,0,41,0,0,5,0,3,2,0,"AJH, EV",KR,,
Cannery Row,20210626,4,36.61407,121.89777,36.61425,121.89784,3,NA,6,0,2,0,20,0,21,0,0,18,20,1,0,12,"AJH, EV",KR,,
Cannery Row,20210626,4,36.61407,121.89777,36.61425,121.89784,4,NA,2,0,0,0,33,0.5,10,0,0,10,56,2,7,0,"AJH, EV",KR,,
Cannery Row,20210626,4,36.61407,121.89777,36.61425,121.89784,5,NA,13,4,15,0.5,0,0,24,0,0,25,26,12,0,0,"AJH, EV",KR,,
Pescadero Point,20210726,6,36.56093,121.95362,36.56085,121.95341,1,Land,21,10,5,1,4,15,8,0,0,42,1,1,20,0,"KR, AJH",KR,,
Pescadero Point,20210726,6,36.56093,121.95362,36.56085,121.95341,2,Sea,5,0,1,0,1,1,6,0,0,95,7,1,10,0,"KR, AJH",KR,,
Pescadero Point,20210726,6,36.56093,121.95362,36.56085,121.95341,3,Sea,20,32,12,0,0,1,5,80,0,7,5,1,0,1,"KR, AJH",KR,,
Pescadero Point,20210726,6,36.56093,121.95362,36.56085,121.95341,4,Land,42,10,4,0,8,1,5,10,0,57,13,0,7,0,"KR, AJH",KR,,
Pescadero Point,20210726,6,36.56093,121.95362,36.56085,121.95341,5,Sea,13,25,20,0,2,2,1,18,0,60,0,6,1,0,"KR, AJH",KR,,
Pescadero Point,20210725,3,36.5613,121.95453,36.56121,121.95436,1,NA,15,12,8,0,8,0,4,10,0,50,2,0,35,1,"KR, AJH",KR,,
Pescadero Point,20210725,3,36.5613,121.95453,36.56121,121.95436,2,NA,25,30,12,0,1,0,0,0,0,60,0,5,0,0,"KR, AJH",KR,,
Pescadero Point,20210725,3,36.5613,121.95453,36.56121,121.95436,3,NA,8,10,6,0,0,0,0,0,0,55,0,30,0,0,"KR, AJH",KR,,
Pescadero Point,20210725,3,36.5613,121.95453,36.56121,121.95436,4,NA,10,10,5,0,0,0,0,0,0,95,0,8,0,0,"KR, AJH",KR,,
Pescadero Point,20210725,3,36.5613,121.95453,36.56121,121.95436,5,NA,0,5,3,0,0,0,0,0,0,95,0,1,0,0,"KR, AJH",KR,,
Hopkins,20210723,4,36.62126,121.90327,36.62138,121.90343,1,Land,62,0,1,1,22,0,20,0,0,25,0,1,0,0,KR,KR,,
Hopkins,20210723,4,36.62126,121.90327,36.62138,121.90343,2,Sea,32,0,0,0,5,2,62,0,0,40,0,2,0,0,KR,KR,,
Hopkins,20210723,4,36.62126,121.90327,36.62138,121.90343,3,Land,30,6,3,0,18,0,30,0,0,20,0,9,0,0,KR,KR,,
Hopkins,20210723,4,36.62126,121.90327,36.62138,121.90343,4,Land,15,0,0,0,38,0,48,0,0,3,0,1,0,1,KR,KR,,
Hopkins,20210723,4,36.62126,121.90327,36.62138,121.90343,5,Sea,32,0,0,0,25,0,34,0,3,13,0,4,0,0,KR,KR,,
Pescadero Point,20210726,5,36.56099,121.95384,36.56093,121.95366,1,Land,2,9,3,0,0,1,0,0,0,94,1,3,2,5,"PS, EV, LD",KR,,
Pescadero Point,20210726,5,36.56099,121.95384,36.56093,121.95366,2,Sea,5,6,1,0,0,8,0,0,0,80,0,1,4,3,"PS, EV, LD",KR,,
Pescadero Point,20210726,5,36.56099,121.95384,36.56093,121.95366,3,Land,2,11,1,0,0,0,0,0,0,86,0,1,4,2,"PS, EV, LD",KR,,
Pescadero Point,20210726,5,36.56099,121.95384,36.56093,121.95366,4,Sea,22,14,4,0,15,10,8,24,0,11,29,2,1,4,"PS, EV, LD",KR,,
Pescadero Point,20210726,5,36.56099,121.95384,36.56093,121.95366,5,Land,43,12,1,0,2,9,3,22,0,8,0,0,0,0,"PS, EV, LD",KR,,
Pescadero Point,20210726,4,36.56119,121.95417,36.56108,121.95408,1,Sea,35,5,1,0,5,5,1,0,0,34,0,0,7,0,"IH, ADT",KR,,
Pescadero Point,20210726,4,36.56119,121.95417,36.56108,121.95408,2,Land,19,22,3,5,0,3,4,0,0,42,0,2,0,0,"IH, ADT",KR,,
Pescadero Point,20210726,4,36.56119,121.95417,36.56108,121.95408,3,Sea,32,4,4,0,1,1,0,7,0,47,0,0,2,0,"IH, ADT",KR,,
Pescadero Point,20210726,4,36.56119,121.95417,36.56108,121.95408,4,Land,42,1,0,0,21,4,19,0,0,20,16,0,3,0,"IH, ADT",KR,,
Pescadero Point,20210726,4,36.56119,121.95417,36.56108,121.95408,5,Sea,5,20,16,0,2,0,3,4,0,17,0,2,0,40,"IH, ADT",KR,,
Pescadero Point,20210725,2,36.56146,121.95471,36.561279999999996,121.95457,1,Land,2,25,3,0,4,40,10,51,0,1,0,0,0,0,"PS, EV, LD",KR,,
Pescadero Point,20210725,2,36.56146,121.95471,36.561279999999996,121.95457,2,Sea,30,12,12,0,4,30,2,8,0,17,2,0,0,0,"PS, EV, LD",KR,,
Pescadero Point,20210725,2,36.56146,121.95471,36.561279999999996,121.95457,3,Land,17,4,1,0,3,3,5,30,0,50,0,0,2,0,"PS, EV, LD",KR,,
Pescadero Point,20210725,2,36.56146,121.95471,36.561279999999996,121.95457,4,Sea,6,25,15,0,1,4,1,16,0,40,0,0,0,3,"PS, EV, LD",KR,,
Pescadero Point,20210725,2,36.56146,121.95471,36.561279999999996,121.95457,5,Land,50,0,10,0,1,4,5,22,0,3,20,1,3,2,"PS, EV, LD",KR,,
Pescadero Point,20210725,1,36.56144,121.95501,36.56148,121.95477,1,Sea,44,12,11,1,0,6,3,0,0,28,0,0,0,0,IH,KR,,
Pescadero Point,20210725,1,36.56144,121.95501,36.56148,121.95477,2,NA,NA,NA,NA,NA,NA,NA,NA,NA,NA,NA,NA,NA,NA,NA,IH,KR,,Tide too high
Pescadero Point,20210725,1,36.56144,121.95501,36.56148,121.95477,3,Sea,31,27,21,0,2,1,8,0,0,23,1,0,0,0,IH,KR,,
Pescadero Point,20210725,1,36.56144,121.95501,36.56148,121.95477,4,Land,20,36,16,0,1,20,21,11,0,1,1,1,1,0,IH,KR,,
Pescadero Point,20210725,1,36.56144,121.95501,36.56148,121.95477,5,Sea,6,15,25,0,3,4,0,16,0,6,0,1,0,15,IH,KR,,
Cannery Row,20210626,2,36.6138,121.89752,36.61392,121.89756,1,NA,5,1,0,0,20,0,8,0,0,22,25,8,0,8,"RB, EC, KR",KR,,
Cannery Row,20210626,2,36.6138,121.89752,36.61392,121.89756,2,NA,11,4,10,0,29,0,8,0,0,19,5,4,15,10,"RB, EC, KR",KR,,
Cannery Row,20210626,2,36.6138,121.89752,36.61392,121.89756,3,NA,9,8,1,0,30,0,20,0,0,22,1,4,0,0,"RB, EC, KR",KR,,
Cannery Row,20210626,2,36.6138,121.89752,36.61392,121.89756,4,NA,4,0,0,0,13,0,34,0,0,55,0,0,0,0,"RB, EC, KR",KR,,
Cannery Row,20210626,2,36.6138,121.89752,36.61392,121.89756,5,NA,29,0,0,0,12,0,30,0,0,40,2,0,0,0,"RB, EC, KR",KR,,
Cannery Row,20210626,1,36.61378,121.89741,36.61391,121.89752,1,Land,0,4,8,0,0,0.5,50,0,0,4,2,4,30,0,"ADT, LD, DP",KR,,
Cannery Row,20210626,1,36.61378,121.89741,36.61391,121.89752,2,Sea,20,10,5,0,0,0,5,0,0,40,20.5,4.5,0,0.25,"ADT, LD, DP",KR,,
Cannery Row,20210626,1,36.61378,121.89741,36.61391,121.89752,3,Land,5,16,3,0,10,0,33,0,0,52,0,0,0,2,"ADT, LD, DP",KR,,
Cannery Row,20210626,1,36.61378,121.89741,36.61391,121.89752,4,Sea,28,0,1,0,4,0,37,0,0,40,0,4,2,3,"ADT, LD, DP",KR,,
Cannery Row,20210626,1,36.61378,121.89741,36.61391,121.89752,5,Land,25,12,3,0,12,1,2,0,0,2,0.5,0,20,0,"ADT, LD, DP",KR,,
China Rock,20210627,3,36.60605,121.95968,36.60595,121.95968,1,NA,43,10,2,0.5,3,4,27,14,4,8,0,2,1,1,"ADT, DP, LD",KR,,
China Rock,20210627,3,36.60605,121.95968,36.60595,121.95968,2,NA,36,7,8,0.5,9,12,31,0,4,4,0,2,2,2,"ADT, DP, LD",KR,,
China Rock,20210627,3,36.60605,121.95968,36.60595,121.95968,3,NA,20,0,4.5,1,2,1,4,0,0,12,50,1,1,4,"ADT, DP, LD",KR,,
China Rock,20210627,3,36.60605,121.95968,36.60595,121.95968,4,NA,20,1,2,0.5,8,0,7,0,0,41,15,2,2,5,"ADT, DP, LD",KR,,
China Rock,20210627,3,36.60605,121.95968,36.60595,121.95968,5,NA,32,0.5,2,0.5,10,15,11,0.5,0,29,10,3,1,3,"ADT, DP, LD",KR,,
China Rock,20210627,2,36.60607,121.95964,36.60624,121.95961,1,NA,39,9,0,0,5,9,21,0,0,52,0,1,0,2,"KR, PS, EC",KR,,
China Rock,20210627,2,36.60607,121.95964,36.60624,121.95961,2,NA,14,4,1,0,4,13,26,8,9,16,0,0,0,0,"KR, PS, EC",KR,,
China Rock,20210627,2,36.60607,121.95964,36.60624,121.95961,3,NA,5,19,1,0,7,7,21,12,0,42,0,0,0,5,"KR, PS, EC",KR,,
China Rock,20210627,2,36.60607,121.95964,36.60624,121.95961,4,NA,12,11,20,0,13,4,17,0.5,19,20,0.5,2,2,4,"KR, PS, EC",KR,,
China Rock,20210627,2,36.60607,121.95964,36.60624,121.95961,5,NA,12,3,3,0,3,21,16,33,1,1,5,0,0,1,"KR, PS, EC",KR,,
China Rock,20210627,1,36.60627,121.95963,36.60643,121.95956,1,Sea,11,15,9,0,9,1,15,2,0,36,0,0,0,0,"IH, AJH",KR,,
China Rock,20210627,1,36.60627,121.95963,36.60643,121.95956,2,NA,3,19,4,0,6,10,56,0,0,10,0,1,0,1,"IH, AJH",KR,,
China Rock,20210627,1,36.60627,121.95963,36.60643,121.95956,3,NA,48,2,2,1,5,15,14,0,0,10,9,0,1,0,"IH, AJH",KR,,
China Rock,20210627,1,36.60627,121.95963,36.60643,121.95956,4,NA,29,5,6,1,8,10,8,0,0,40,3,1,1,0,"IH, AJH",KR,,
China Rock,20210627,1,36.60627,121.95963,36.60643,121.95956,5,NA,39,18,10,1,6,10,6,0,0,23,4,1,1,0,"IH, AJH",KR,,
China Rock,20210713,4,36.60576,121.95997,36.60559,121.96005,1,NA,20,16,0.5,0.5,10,4,75,0,0,25,0,5,0,0,"LD, ADT",KR,,
China Rock,20210713,4,36.60576,121.95997,36.60559,121.96005,2,NA,50,0.5,0,0,15,29,75,0,0,15,0,0.5,0,0,"LD, ADT",KR,,
China Rock,20210713,4,36.60576,121.95997,36.60559,121.96005,3,NA,40,0,0.5,0.5,20,15,50,0,0,25,0,1,0,0,"LD, ADT",KR,,
China Rock,20210713,4,36.60576,121.95997,36.60559,121.96005,4,NA,56,3,0,0,15,5,35,0,0,25,0,4,0,0,"LD, ADT",KR,,
China Rock,20210713,4,36.60576,121.95997,36.60559,121.96005,5,NA,91,0.5,0,0,0.5,30,60,0,0,9,0,0.5,0,3,"LD, ADT",KR,,
China Rock,20210713,5,36.60554,121.96017,36.60537,121.96011,1,Land,25,1,0,0,6,17,70,0,0,12,0,1,0,0,"KR, EV, DP",KR,,
China Rock,20210713,5,36.60554,121.96017,36.60537,121.96011,2,Sea,26,4,6,0,14,16,50,0,0,16,0,0,0,0,"KR, EV, DP",KR,,
China Rock,20210713,5,36.60554,121.96017,36.60537,121.96011,3,Land,22,5,0,0,1,12,72,0,0,9,0,3,0,0,"KR, EV, DP",KR,,
China Rock,20210713,5,36.60554,121.96017,36.60537,121.96011,4,Sea,90,0,0,0,1,60,42,0,0,1,0,1,0,0,"KR, EV, DP",KR,,
China Rock,20210713,5,36.60554,121.96017,36.60537,121.96011,5,Land,30,3,0,0,12,25,45,9,0,10,6,1,0,0,"KR, EV, DP",KR,,
China Rock,20210713,6,36.60529,121.96017,36.60515,121.96006,1,Land,10,2,1,0,1,27,67,0,0,13,0,2,0,2,"PS, IH",KR,,
China Rock,20210713,6,36.60529,121.96017,36.60515,121.96006,2,Sea,26,30,0,0,5,40,32,0,0,2,0,0,0,1,"PS, IH",KR,,
China Rock,20210713,6,36.60529,121.96017,36.60515,121.96006,3,Land,38,1,1,1,8,45,34,0,0,10,0,1,2,0,"PS, IH",KR,,
China Rock,20210713,6,36.60529,121.96017,36.60515,121.96006,4,Sea,30,1,0,0,9,16,32,0,0,12,0,1,0,0,"PS, IH",KR,,
China Rock,20210713,6,36.60529,121.96017,36.60515,121.96006,5,Land,70,3,0,0,15,60,70,0,0,6,0,3,0,0,"PS, IH",KR,,
Cannery Row,20210628,5,36.61426,121.89788,36.61443,121.89787,1,NA,42,0,5,0,4,0,30,0,0,27,6,9,0,NA,"PS, AJH, EV",KR,,
Cannery Row,20210628,5,36.61426,121.89788,36.61443,121.89787,2,NA,22,1,11,0,17,0,18,0,0,35,7,2,0,NA,"PS, AJH, EV",KR,,
Cannery Row,20210628,5,36.61426,121.89788,36.61443,121.89787,3,NA,11,0,0,0,0,0,54,0,0,44,1,0,0,NA,"PS, AJH, EV",KR,,
Cannery Row,20210628,5,36.61426,121.89788,36.61443,121.89787,4,NA,2,1,1,0,1,0,7,0,0,88,0,0,0,NA,"PS, AJH, EV",KR,,
Cannery Row,20210628,5,36.61426,121.89788,36.61443,121.89787,5,NA,40,2,4,0,1,0,9,0,0,40,10,2,0,NA,"PS, AJH, EV",KR,,
Sea Palm,20210712,4,36.6288,121.92147,36.62897,121.9216,1,Sea,25,0,2,3,34,0,4,0,30,8,0,0,0,0,"KR, EV, DP",KR,,
Sea Palm,20210712,4,36.6288,121.92147,36.62897,121.9216,2,Land,50,0,0,1,10,0,3,0,8,36,0,0,0,0,"KR, EV, DP",KR,,
Sea Palm,20210712,4,36.6288,121.92147,36.62897,121.9216,3,Sea,45,0,0,4,15,0,36,0,30,5,0,0,0,0,"KR, EV, DP",KR,,
Sea Palm,20210712,4,36.6288,121.92147,36.62897,121.9216,4,Land,60,2,0,1,15,0,10,0,20,5,0,3,0,0,"KR, EV, DP",KR,,
Sea Palm,20210712,4,36.6288,121.92147,36.62897,121.9216,5,Sea,30,0,0,3,23,0,13,0,20,20,0,0,0,0,"KR, EV, DP",KR,,
Sea Palm,20210712,6,36.62953,121.92141,36.6297,121.92133,1,Land,44,5,2,1,15,0,25,0,1,14,0,0,0,0,"PS, IH",KR,,
Sea Palm,20210712,6,36.62953,121.92141,36.6297,121.92133,2,Sea,98,4,1,1,7,0,51,0,0,2,0,0,0,0,"PS, IH",KR,,
Sea Palm,20210712,6,36.62953,121.92141,36.6297,121.92133,3,Land,43,8,3,0,27,0,5,0,0,13,0,0,0,0,"PS, IH",KR,,
Sea Palm,20210712,6,36.62953,121.92141,36.6297,121.92133,4,Sea,67,7,0,1,4,0,4,0,0,41,0,0,0,0,"PS, IH",KR,,
Sea Palm,20210712,6,36.62953,121.92141,36.6297,121.92133,5,Land,18,26,14,1,16,2,9,0,0,10,1,0,4,0,"PS, IH",KR,,
Point Pinos,20210624,3,36.63803,121.93687,36.63819,121.93697,1,NA,25,1,1,0,2,17,35,0,0,7,2,12,0,0,"EV, EC",KR,,
Point Pinos,20210624,3,36.63803,121.93687,36.63819,121.93697,2,NA,NA,NA,NA,NA,NA,NA,NA,NA,NA,NA,NA,NA,NA,NA,"EV, EC",KR,,
Point Pinos,20210624,3,36.63803,121.93687,36.63819,121.93697,3,NA,NA,NA,NA,NA,NA,NA,NA,NA,NA,NA,NA,NA,NA,NA,"EV, EC",KR,,
Point Pinos,20210624,3,36.63803,121.93687,36.63819,121.93697,4,NA,NA,NA,NA,NA,NA,NA,NA,NA,NA,NA,NA,NA,NA,NA,"EV, EC",KR,,
Point Pinos,20210624,3,36.63803,121.93687,36.63819,121.93697,5,NA,NA,NA,NA,NA,NA,NA,NA,NA,NA,NA,NA,NA,NA,NA,"EV, EC",KR,,
Point Pinos,20210624,4,36.63837,121.93707,36.63847,121.93723,1,Land,47,1,0,0,2,3,35,0,0,18,NA,1,2,NA,"IH, PS",KR,,
Point Pinos,20210624,4,36.63837,121.93707,36.63847,121.93723,2,NA,NA,NA,NA,NA,NA,NA,NA,NA,NA,NA,NA,NA,NA,NA,"IH, PS",KR,,quad2&3 did not do due to tide
Point Pinos,20210624,4,36.63837,121.93707,36.63847,121.93723,3,NA,NA,NA,NA,NA,NA,NA,NA,NA,NA,NA,NA,NA,NA,NA,"IH, PS",KR,,
Point Pinos,20210624,4,36.63837,121.93707,36.63847,121.93723,4,Land,40,1,1,0,8,1,15,0,0,26,2,1,1,NA,"IH, PS",KR,,
Point Pinos,20210624,4,36.63837,121.93707,36.63847,121.93723,5,Sea,20,0,0,1,30,1,16,0,1,28,7,0,6,NA,"IH, PS",KR,,
Point Pinos,20210624,2,36.63791,121.93667,36.63801,121.93684,1,NA,NA,NA,NA,NA,NA,NA,NA,NA,NA,NA,NA,NA,NA,NA,"KR, ADT ",KR,,
Point Pinos,20210624,2,36.63791,121.93667,36.63801,121.93684,2,NA,NA,NA,NA,NA,NA,NA,NA,NA,NA,NA,NA,NA,NA,NA,"KR, ADT ",KR,,
Point Pinos,20210624,2,36.63791,121.93667,36.63801,121.93684,3,NA,NA,NA,NA,NA,NA,NA,NA,NA,NA,NA,NA,NA,NA,NA,"KR, ADT ",KR,,
Point Pinos,20210624,2,36.63791,121.93667,36.63801,121.93684,4,NA,NA,NA,NA,NA,NA,NA,NA,NA,NA,NA,NA,NA,NA,NA,"KR, ADT ",KR,,
Point Pinos,20210624,2,36.63791,121.93667,36.63801,121.93684,5,NA,56,6,0.5,0,5,1,18,0,0.5,16,NA,1,0.5,NA,"KR, ADT ",KR,,quadrat may have shifted from original position
Sea Palm,20210712,5,36.62934,121.92155,36.62951,121.92147,1,Land,60,0.5,0,1,10,0,3,0,0.5,44,0,0,0,4,"EC, ADT, LD",KR,,
Sea Palm,20210712,5,36.62934,121.92155,36.62951,121.92147,2,Sea,46,1,0,0.5,7,0,6,0,0.5,52,0,0,0,3,"EC, ADT, LD",KR,,
Sea Palm,20210712,5,36.62934,121.92155,36.62951,121.92147,3,Land,20,0,0,0.5,10,0,13,0,2,60,0,0,0,7,"EC, ADT, LD",KR,,
Sea Palm,20210712,5,36.62934,121.92155,36.62951,121.92147,4,Sea,28,0.5,0,2,30,0,25,0,1,20,0,1,0,2,"EC, ADT, LD",KR,,
Sea Palm,20210712,5,36.62934,121.92155,36.62951,121.92147,5,Land,35,1,0,0,0,0,21,0,0.5,34,0,0,0,4,"EC, ADT, LD",KR,,
Hopkins,20210723,3,36.62126,121.9032,36.6214,121.90339,1,Land,40,2,1,0,10,0,50,0,0,10,0,1,0,3,"KR, AJH",KR,,
Hopkins,20210723,3,36.62126,121.9032,36.6214,121.90339,2,Sea,15,0,1,1,15,0,43,0,2,35,0,2,0,0,"KR, AJH",KR,,
Hopkins,20210723,3,36.62126,121.9032,36.6214,121.90339,3,Land,16,0,0,0,6,0,38,0,0,52,2,3,0,0,"KR, AJH",KR,,
Hopkins,20210723,3,36.62126,121.9032,36.6214,121.90339,4,Sea,7,0,0,0,5,0,60,0,0,30,2,1,0,0,"KR, AJH",KR,,
Hopkins,20210723,3,36.62126,121.9032,36.6214,121.90339,5,Land,15,7,1,0,8,0,20,0,0,63,0,1,0,1,"KR, AJH",KR,,
Hopkins,20210723,3,36.62126,121.9032,36.6214,121.90339,6,Sea,30,0,0,0,45,1,60,0,0,0,0,4,0,1,"KR, AJH",KR,,
