"","Site","Date","Season","Transect","Quadrat","drift_quad_winter","drift_quad_spring","Latitude","Longitude","Side","Cr_NC","Cr_Cor","Cr_AC","Filament","Corticated","Foliose","Leathery","Kelp","Kelp_species","SG","BR","Mussel","Anemone","Barnacle","Other","Other.spp.","Drift_Kelp","Drift.Kelp.Spp.","Rock","Boulder","Cobble","Sand","density","Urchin_.0.5","Urchin_.1","Urchin_1","Urchin_2","Urchin_3","Urchin_4","Urchin_5","Urchin_.6","Urchins_measured","Notes","total","fleshy","coralline","crust","invert","non_food","big_urchins"
"4","Hopkins",2022-07-11,"Summer","CQ","1",2,2,36.621312,-121.903145,NA,41.9354838709677,12.9032258064516,2.1505376344086,0,2.1505376344086,0,2.1505376344086,0,"",7.52688172043011,25.8064516129032,0,3.2258064516129,2.1505376344086,0,"",NA,"",70,30,0,0,54,NA,NA,NA,NA,NA,NA,NA,NA,NA,"",93,4.3010752688172,15.0537634408602,56.989247311828,5.37634408602151,31.1827956989247,NA
"5","Hopkins",2022-07-11,"Summer","CQ","2",2,2,36.621445,-121.903365,NA,35,3,0,0,43,0,0,0,"",0,6,7,4,2,0,"",NA,"",100,0,0,0,5,NA,NA,NA,NA,NA,NA,NA,NA,NA,"",100,43,3,38,13,19,NA
"6","Hopkins",2022-07-11,"Summer","CQ","3",2,2,36.621482,-121.903338,NA,45.3846153846154,9.23076923076923,2.30769230769231,0,5.38461538461539,9.23076923076923,5.38461538461539,0,"",0,18.4615384615385,1.53846153846154,2.30769230769231,0.769230769230769,0,"",NA,"",90,0,10,0,53,NA,NA,NA,NA,NA,NA,NA,NA,NA,"",130,20,11.5384615384615,56.9230769230769,4.61538461538462,23.0769230769231,NA
"7","Hopkins",2022-07-11,"Summer","CQ","4",2,2,36.621357,-121.903178,NA,43.75,5.20833333333333,1.04166666666667,0,8.33333333333333,0,2.08333333333333,0,"",0,35.4166666666667,1.04166666666667,3.125,0,0,"",NA,"",100,0,0,0,65,NA,NA,NA,NA,NA,NA,NA,NA,NA,"",96,10.4166666666667,6.25,50,4.16666666666667,39.5833333333333,NA
"8","China Rock",2022-07-12,"Summer","6-1","3",NA,NA,36.60545,-121.96027,NA,5.6,14.4,2.4,0.8,0.8,44,24.8,0,"",0,3.2,0,3.2,0.8,0,"",NA,"",100,0,0,0,85,NA,NA,NA,NA,NA,NA,NA,NA,NA,"",125,69.6,16.8,22.4,4,7.2,NA
"9","China Rock",2022-07-12,"Summer","6-4","4",NA,NA,36.60534,-121.96022,NA,22.5,6.66666666666667,0,0,2.5,33.3333333333333,17.5,0,"",0,17.5,0,0,0,0,"",NA,"",0,60,40,0,6,NA,NA,NA,NA,NA,NA,NA,NA,NA,"",120,53.3333333333333,6.66666666666667,29.1666666666667,0,17.5,NA
"10","China Rock",2022-07-12,"Summer","CQ","1",NA,NA,36.6056,-121.96014,NA,17.910447761194,5.97014925373134,2.98507462686567,2.23880597014925,2.23880597014925,10.4477611940298,20.8955223880597,4.47761194029851,"",0,14.1791044776119,12.6865671641791,0.746268656716418,5.22388059701492,0,"",NA,"",100,0,0,0,25,NA,NA,NA,NA,NA,NA,NA,NA,NA,"",134,38.0597014925373,8.95522388059701,26.865671641791,18.6567164179104,32.8358208955224,NA
"11","China Rock",2022-07-12,"Summer","CQ","2",NA,NA,36.60535,-121.96004,NA,15.2380952380952,0.952380952380952,0,0,5.71428571428571,0,28.5714285714286,0,"",0,28.5714285714286,0,3.80952380952381,17.1428571428571,0,"",NA,"",80,0,20,0,11,NA,NA,NA,NA,NA,NA,NA,NA,NA,"",105,34.2857142857143,0.952380952380952,16.1904761904762,20.952380952381,49.5238095238095,NA
"12","Pescadero Pt.",2022-07-13,"Summer","2","4",1,2,36.56108,-121.95425,NA,0.840336134453782,27.7310924369748,23.5294117647059,0,0,0.840336134453782,0,0,"",0,36.9747899159664,0,10.0840336134454,0,0,"",NA,"",95,0,0,5,160,0,3,44,98,52,9,1,0,207,"",119,0.840336134453782,51.2605042016807,52.1008403361345,10.0840336134454,47.0588235294118,0.0483091787439614
"13","Pescadero Pt.",2022-07-13,"Summer","CQ","1",NA,1,36.56122,-121.95437,NA,3.92156862745098,14.7058823529412,0.980392156862745,0,0,0,0,0,"",0,80.3921568627451,0,0,0,0,"",NA,"",100,0,0,0,253,NA,NA,NA,NA,NA,NA,NA,NA,NA,"",102,0,15.6862745098039,19.6078431372549,0,80.3921568627451,NA
"14","Pescadero Pt.",2022-07-13,"Summer","CQ","2",NA,1,36.56115,-121.95444,NA,2.06185567010309,38.1443298969072,2.06185567010309,0,0,0,0,0,"",0,43.298969072165,0,14.4329896907216,0,0,"",NA,"",100,0,0,0,172,0,2,6,3,4,4,3,0,22,"4% of quad for pop subsample",97,0,40.2061855670103,42.2680412371134,14.4329896907216,57.7319587628866,0.318181818181818
"15","Pescadero Pt.",2022-07-13,"Summer","CQ","3",2,NA,36.5614,-121.95464,NA,23.8805970149254,6.71641791044776,5.97014925373134,0,0,24.6268656716418,11.9402985074627,5.22388059701492,"",0,18.6567164179104,1.49253731343284,0,1.49253731343284,0,"",NA,"",40,50,0,10,172,1,1,6,15,14,21,5,0,63,"50% of quad for pop subsample",134,41.7910447761194,12.6865671641791,36.5671641791045,2.98507462686567,21.6417910447761,0.412698412698413
"16","Pescadero Pt.",2022-07-13,"Summer","CQ","4",2,NA,36.5615,-121.95484,NA,6.50406504065041,22.7642276422764,0.813008130081301,0,0,7.31707317073171,8.94308943089431,39.0243902439024,"",0,13.0081300813008,0,0,1.6260162601626,0,"",NA,"",0,85,5,5,41,0,0,6,18,13,9,1,0,47,"",123,55.2845528455285,23.5772357723577,30.0813008130081,1.6260162601626,14.6341463414634,0.212765957446809
"17","Cannery Row",2022-07-14,"Summer","CQ","1",2,2,36.614501,-121.897741,NA,3,2,3,0,6,0,7,0,"",0,62,4,2,9,2,"",NA,"",100,0,0,0,498,NA,NA,NA,5,11,7,2,0,25,"only measured urchins >= 2",100,13,5,8,17,79,0.36
"18","Cannery Row",2022-07-14,"Summer","CQ","2",2,2,36.614428,-121.897853,NA,2,1,2,0,0,0,0,0,"",0,44,40,3,3,5,"",NA,"",100,0,0,0,405,NA,NA,NA,7,13,6,0,0,26,"only measured urchins >= 2 ; lots of leathery drift algae caught on urchins",100,0,3,5,51,95,0.230769230769231
"19","Cannery Row",2022-07-14,"Summer","CQ","3",1,NA,36.61396,-121.89767,NA,7.29166666666667,4.16666666666667,0,1.04166666666667,1.04166666666667,0,19.7916666666667,0,"",0,25,40.625,0,1.04166666666667,0,"",NA,"",60,40,0,0,59,0,3,14,9,15,14,1,0,56,"measured all urchins except 3 ; 1 4cm balding urchin",96,20.8333333333333,4.16666666666667,11.4583333333333,41.6666666666667,66.6666666666667,0.267857142857143
"20","Cannery Row",2022-07-14,"Summer","CQ","4",NA,1,36.61377,-121.89748,NA,8.51063829787234,2.12765957446809,8.51063829787234,0,0,0,31.9148936170213,0,"",0,36.1702127659575,1.06382978723404,11.7021276595745,0,0,"",NA,"",95,0,0,5,73,0,1,3,12,7,7,0,0,30,"",94,31.9148936170213,10.6382978723404,19.1489361702128,12.7659574468085,48.936170212766,0.233333333333333
"21","Cannery Row",2022-07-14,"Summer","CQ","5",NA,1,36.61372,-121.89741,NA,26.8292682926829,2.4390243902439,1.21951219512195,1.21951219512195,1.21951219512195,0,0,0,"",0,48.780487804878,6.09756097560976,12.1951219512195,0,0,"",NA,"",100,0,0,0,136,0,1,4,7,10,6,0,0,28,"",82,1.21951219512195,3.65853658536585,30.4878048780488,18.2926829268293,67.0731707317073,0.214285714285714
"22","Pt. Pinos",2022-07-15,"Summer","CQ","1",NA,NA,36.63771,-121.93635,NA,12.1495327102804,1.86915887850467,0.934579439252336,0.934579439252336,25.2336448598131,9.34579439252336,30.8411214953271,0.934579439252336,"",0.934579439252336,14.9532710280374,0,1.86915887850467,0,0,"",NA,"",0,80,20,0,138,0,0,10,42,12,4,1,0,69,"measured 25% of quadrat",107,66.3551401869159,2.80373831775701,14.9532710280374,1.86915887850467,16.8224299065421,0.072463768115942
"23","Pt. Pinos",2022-07-15,"Summer","CQ","2",NA,1,36.63799,-121.93675,NA,31.25,2.08333333333333,1.04166666666667,0,1.04166666666667,5.20833333333333,32.2916666666667,0,"",0,23.9583333333333,0,2.08333333333333,1.04166666666667,0,"",NA,"",0,90,10,0,59,4,2,23,31,16,9,3,0,88,"measured all of quadrat",96,38.5416666666667,3.125,34.375,3.125,27.0833333333333,0.136363636363636
"24","Pt. Pinos",2022-07-15,"Summer","CQ","3",NA,1,36.63809,-121.93687,NA,12.8205128205128,5.12820512820513,2.56410256410256,0.854700854700855,7.69230769230769,6.83760683760684,5.12820512820513,0.854700854700855,"",24.7863247863248,17.9487179487179,13.6752136752137,1.70940170940171,0,0,"",NA,"",0,85,0,15,49,0,2,18,31,13,5,1,0,70,"sand is mussel shells ; all of quadrat measured",117,20.5128205128205,7.69230769230769,20.5128205128205,15.3846153846154,33.3333333333333,0.0857142857142857
"25","Pt. Pinos",2022-07-15,"Summer","CQ","4",NA,2,36.63838,-121.93712,NA,30.0970873786408,6.79611650485437,0.970873786407767,0,6.79611650485437,2.9126213592233,15.5339805825243,0,"",0,25.2427184466019,3.88349514563107,7.76699029126214,0,0,"",NA,"",100,0,0,0,31,0,0,3,15,11,3,1,1,34,"measured all of quadrat",103,25.2427184466019,7.76699029126214,37.8640776699029,11.6504854368932,36.8932038834951,0.147058823529412
"26","Pt. Pinos",2022-07-15,"Summer","CQ","5",NA,2,36.63841,-121.93712,NA,30.8510638297872,4.25531914893617,2.12765957446809,1.06382978723404,3.19148936170213,2.12765957446809,26.5957446808511,0,"",0,21.2765957446809,4.25531914893617,3.19148936170213,1.06382978723404,0,"",NA,"",25,75,0,0,97,0,2,7,27,36,20,3,0,95,"measured 60% of quad (all but 11 >2 urchins)",94,31.9148936170213,6.38297872340426,37.2340425531915,8.51063829787234,29.7872340425532,0.242105263157895
"27","Carmel Pt.",2022-07-16,"Summer","CQ","1",1,1,36.54414,-121.93384,NA,5.40540540540541,14.4144144144144,1.8018018018018,0,1.8018018018018,33.3333333333333,25.2252252252252,0,"",5.40540540540541,12.6126126126126,0,0,0,0,"",NA,"",0,75,25,0,172,9,10,30,22,26,7,4,2,110,"measured 8% of quadrat",111,60.3603603603604,16.2162162162162,21.6216216216216,0,12.6126126126126,0.118181818181818
"28","Carmel Pt.",2022-07-16,"Summer","CQ","2",NA,NA,36.54383,-121.93411,NA,4.89510489510489,6.99300699300699,0.699300699300699,0,0.699300699300699,41.2587412587413,35.6643356643357,0,"",0,8.39160839160839,0,1.3986013986014,0,0,"",NA,"",0,85,15,0,155,0,16,27,29,26,5,1,0,104,"measured 25% of quadrat",143,77.6223776223776,7.69230769230769,12.5874125874126,1.3986013986014,9.79020979020979,0.0576923076923077
"29","Carmel Pt.",2022-07-16,"Summer","CQ","3",2,2,36.54362,-121.93422,NA,6.12244897959184,16.3265306122449,3.40136054421769,0,3.40136054421769,33.3333333333333,29.2517006802721,0,"",0.680272108843537,7.48299319727891,0,0,0,0,"",NA,"",0,100,0,0,130,2,2,15,32,14,11,6,1,83,"measured 60% of quadrat",147,65.9863945578231,19.7278911564626,25.8503401360544,0,7.48299319727891,0.216867469879518
"30","Carmel Pt.",2022-07-16,"Summer","CQ","4",NA,NA,36.54334,-121.93416,NA,2.18978102189781,0.72992700729927,0,0,0,37.956204379562,50.3649635036496,0,"",0,8.02919708029197,0,0.72992700729927,0,0,"",NA,"",0,85,10,5,47,2,2,19,30,16,1,0,0,70,"measured 100% of quadrat",137,88.3211678832117,0.72992700729927,2.91970802919708,0.72992700729927,8.75912408759124,0.0142857142857143
"31","Carmel Pt.",2022-07-16,"Summer","CQ","5",NA,NA,36.54319,-121.93391,NA,7.14285714285714,7.14285714285714,7.14285714285714,7.14285714285714,7.14285714285714,7.14285714285714,7.14285714285714,7.14285714285714,"",7.14285714285714,7.14285714285714,7.14285714285714,7.14285714285714,7.14285714285714,7.14285714285714,"",NA,"",0,85,8,7,31,0,0,7,17,11,3,0,0,38,"measured 100% of quadrat",294,28.5714285714286,14.2857142857143,21.4285714285714,28.5714285714286,35.7142857142857,0.0789473684210526
"32","Soberanes Pt.",2022-07-30,"Summer","CQ","1",1,1,36.45285,-121.93023,NA,0.87719298245614,19.2982456140351,7.01754385964912,0,5.26315789473684,17.5438596491228,25.4385964912281,6.14035087719298,"",0,0,0,11.4035087719298,5.26315789473684,1.75438596491228,"",0,"",100,0,0,0,98,5,9,10,6,17,18,1,0,66,"measured 50% of quadrat",114,54.3859649122807,26.3157894736842,27.1929824561403,18.4210526315789,18.4210526315789,0.287878787878788
"33","Soberanes Pt.",2022-07-30,"Summer","CQ","2",1,1,36.45283,-121.93012,NA,4.71698113207547,16.9811320754717,8.49056603773585,0.943396226415094,0.943396226415094,2.83018867924528,6.60377358490566,1.88679245283019,"",0,15.0943396226415,0,37.7358490566038,0.943396226415094,2.83018867924528,"",1,"Postelsia palmaeformis",100,0,0,0,184,0,1,8,10,7,1,0,0,27,"measured 16% of quadrat",106,12.2641509433962,25.4716981132075,30.188679245283,41.5094339622642,56.6037735849057,0.037037037037037
"34","Soberanes Pt.",2022-07-30,"Summer","CQ","3",2,NA,36.45279,-121.92966,NA,2.32558139534884,23.2558139534884,30.2325581395349,0,2.32558139534884,0,6.97674418604651,2.32558139534884,"",0,25.5813953488372,5.81395348837209,1.16279069767442,0,0,"",2,"",100,0,0,0,225,1,16,52,50,24,6,0,0,149,"measured 50% of quadrat",86,11.6279069767442,53.4883720930233,55.8139534883721,6.97674418604651,32.5581395348837,0.0402684563758389
"35","Soberanes Pt.",2022-07-30,"Summer","CQ","4",NA,2,36.45237,-121.93001,NA,1.45985401459854,8.75912408759124,23.3576642335766,0,0,0.72992700729927,2.18978102189781,14.5985401459854,"",0,2.91970802919708,45.2554744525547,0.72992700729927,0,0,"",0,"",100,0,0,0,71,0,1,5,9,7,7,1,0,30,"measured 8% of quadrat",137,17.5182481751825,32.1167883211679,33.5766423357664,45.985401459854,48.9051094890511,0.266666666666667
"36","Soberanes Pt.",2022-07-30,"Summer","CQ","5",NA,NA,36.45225,-121.92986,NA,10.2803738317757,22.4299065420561,15.8878504672897,0.934579439252336,4.67289719626168,2.80373831775701,0.934579439252336,2.80373831775701,"",1.86915887850467,1.86915887850467,30.8411214953271,3.73831775700935,0.934579439252336,0,"",0,"",100,0,0,0,45,0,2,19,9,1,0,0,0,31,"measured 50% of quadrat",107,11.214953271028,38.3177570093458,48.5981308411215,35.5140186915888,37.3831775700935,0
"37","Otter Cove",2022-07-31,"Summer","CQ","1",NA,2,36.62962,-121.92134,NA,36.144578313253,3.6144578313253,0,8.43373493975904,1.20481927710843,0,33.7349397590361,0,"",0,15.6626506024096,0,1.20481927710843,0,0,"",0,"",88,0,0,12,204,0,2,16,46,88,62,8,0,222,"measured all of quadrat",83,34.9397590361446,3.6144578313253,39.7590361445783,1.20481927710843,16.8674698795181,0.315315315315315
"38","Otter Cove",2022-07-31,"Summer","CQ","2",NA,2,36.62951,-121.9214,NA,23,6,4,3,5,0,52,0,"",2,5,0,0,0,0,"",0,"",0,84,12,4,47,2,4,10,9,11,22,5,0,63,"measured all of quadrat",100,57,10,33,0,5,0.428571428571429
"39","Otter Cove",2022-07-31,"Summer","CQ","3",2,1,36.62807,-121.92035,NA,5.31914893617021,3.19148936170213,1.06382978723404,1.06382978723404,28.7234042553192,1.06382978723404,35.1063829787234,0,"",19.1489361702128,5.31914893617021,0,0,0,0,"",0,"",0,95,5,0,109,3,5,35,32,41,27,8,1,152,"measured all of quadrat",94,64.8936170212766,4.25531914893617,9.57446808510638,0,5.31914893617021,0.236842105263158
"40","Otter Cove",2022-07-31,"Summer","CQ","4",2,1,36.62802,-121.92033,NA,10.1010101010101,1.01010101010101,12.1212121212121,2.02020202020202,30.3030303030303,0,31.3131313131313,0,"",7.07070707070707,5.05050505050505,0,1.01010101010101,0,0,"",0,"",60,20,0,20,52,1,3,13,22,13,12,4,1,69,"measured all of quadrat",99,61.6161616161616,13.1313131313131,23.2323232323232,1.01010101010101,6.06060606060606,0.246376811594203
"41","Otter Cove",2022-07-31,"Summer","CQ","5",2,1,36.62802,-121.92027,NA,2.06185567010309,2.06185567010309,3.09278350515464,2.06185567010309,44.3298969072165,2.06185567010309,40.2061855670103,2.06185567010309,"",0,2.06185567010309,0,0,0,0,"",7,"Egregia menziesii",0,95,5,0,108,1,2,30,29,29,26,24,0,141,"measured all of quadrat",97,88.659793814433,5.15463917525773,7.21649484536082,0,2.06185567010309,0.354609929078014
"42","Pt. Lobos",2022-08-14,"Summer","CQ","1",NA,NA,36.51958,-121.95452,NA,0.613496932515337,47.8527607361963,10.4294478527607,0,0,0,6.13496932515337,31.2883435582822,"Alaria marginata",0,0.613496932515337,2.45398773006135,0.613496932515337,0,0,"",0,"",100,0,0,0,69,0,15,41,32,5,0,0,0,93,"measured 24% of quadrat",163,37.4233128834356,58.2822085889571,58.8957055214724,3.06748466257669,3.68098159509202,0
"43","Pt. Lobos",2022-08-14,"Summer","CQ","2",NA,1,36.51935,-121.95367,NA,1.06382978723404,43.6170212765958,14.8936170212766,2.12765957446809,0,3.19148936170213,7.4468085106383,8.51063829787234,"Alaria marginata",0,10.6382978723404,0,6.38297872340426,0,2.12765957446809,"",0,"",100,0,0,0,147,0,3,19,11,1,0,0,0,34,"measured 8% of quadrat",94,19.1489361702128,58.5106382978723,59.5744680851064,8.51063829787234,19.1489361702128,0
"44","Pt. Lobos",2022-08-14,"Summer","CQ","3",NA,1,36.51933,-121.95366,NA,22,19.3333333333333,3.33333333333333,0.666666666666667,0.666666666666667,1.33333333333333,4.66666666666667,46,"Alaria marginata, Egregia menziesii",0,0.666666666666667,0.666666666666667,0.666666666666667,0,0,"",0,"",0,100,0,0,18,0,0,21,9,5,3,0,0,38,"measured 95% of quadrat",150,52.6666666666667,22.6666666666667,44.6666666666667,1.33333333333333,2,0.0789473684210526
"45","Pt. Lobos",2022-08-14,"Summer","CQ","4",NA,2,36.51936,-121.95287,NA,3.79746835443038,20.253164556962,9.49367088607595,0,1.89873417721519,2.53164556962025,0.632911392405063,41.1392405063291,"Alaria marginata, Egregia menziesii",0,0.632911392405063,19.620253164557,0,0,0,"",0,"",100,0,0,0,53,0,0,7,14,8,0,0,0,29,"",158,46.2025316455696,29.746835443038,33.5443037974684,19.620253164557,20.253164556962,0
"46","Carmel Pt.",2022-10-26,"Fall","CQ","1",2,2,36.54385,-121.9341,NA,26,5,0,0,4,19,37,0,"",0,6,2,0,1,0,"",NA,"",0,80,10,10,39,NA,NA,NA,NA,NA,NA,NA,NA,NA,"",100,60,5,31,3,9,NA
"47","Carmel Pt.",2022-10-26,"Fall","CQ","2",2,2,36.54375,-121.9342,NA,11.5044247787611,9.73451327433628,1.76991150442478,0,4.42477876106195,26.5486725663717,38.0530973451327,0,"",0,4.42477876106195,1.76991150442478,0.884955752212389,0.884955752212389,0,"",NA,"",NA,NA,NA,NA,10,NA,NA,NA,NA,NA,NA,NA,NA,NA,"",113,69.0265486725664,11.5044247787611,23.0088495575221,3.53982300884956,7.9646017699115,NA
"48","Carmel Pt.",2022-10-26,"Fall","CQ","3",2,2,36.54383,-121.93414,NA,10.2803738317757,7.47663551401869,1.86915887850467,0,13.0841121495327,18.6915887850467,35.5140186915888,0,"",0,10.2803738317757,0,2.80373831775701,0,0,"",NA,"",0,70,30,0,10,NA,NA,NA,NA,NA,NA,NA,NA,NA,"",107,67.2897196261682,9.34579439252336,19.6261682242991,2.80373831775701,13.0841121495327,NA
"49","Carmel Pt.",2022-10-26,"Fall","CQ","4",2,2,36.54374,-121.93419,NA,8.33333333333333,5.20833333333333,10.4166666666667,0,4.16666666666667,31.25,28.125,0,"",0,10.4166666666667,0,1.04166666666667,1.04166666666667,0,"",NA,"",0,95,5,0,47,NA,NA,NA,NA,NA,NA,NA,NA,NA,"",96,63.5416666666667,15.625,23.9583333333333,2.08333333333333,12.5,NA
"50","Carmel Pt.",2022-10-26,"Fall","CQ","5",1,1,36.54392,-121.93398,NA,3.09278350515464,3.09278350515464,40.2061855670103,0,2.06185567010309,2.06185567010309,35.0515463917526,3.09278350515464,"",5.15463917525773,5.15463917525773,0,1.03092783505155,0,0,"",NA,"",0,70,30,0,74,NA,NA,NA,NA,NA,NA,NA,NA,NA,"",97,42.2680412371134,43.298969072165,46.3917525773196,1.03092783505155,6.18556701030928,NA
"51","Pt. Lobos",2022-10-26,"Fall","CQ","1",NA,NA,36.51916,-121.95376,NA,14.6341463414634,34.9593495934959,11.3821138211382,0.813008130081301,0,4.8780487804878,0.813008130081301,0,"",0,16.260162601626,0,4.0650406504065,0,12.1951219512195,"tubeworms",5,"",NA,NA,NA,NA,115,NA,NA,NA,NA,NA,NA,NA,NA,NA,"",123,5.69105691056911,46.3414634146341,60.9756097560976,16.260162601626,32.520325203252,NA
"52","Pt. Lobos",2022-10-26,"Fall","CQ","2",NA,1,36.51934,-121.95364,NA,0.892857142857143,33.0357142857143,12.5,8.03571428571429,0,13.3928571428571,1.78571428571429,16.0714285714286,"",0,0.892857142857143,0,9.82142857142857,0,3.57142857142857,"tubeworms",0,"",NA,NA,NA,NA,191,NA,NA,NA,NA,NA,NA,NA,NA,NA,"",112,31.25,45.5357142857143,46.4285714285714,13.3928571428571,14.2857142857143,NA
"53","Pt. Lobos",2022-10-26,"Fall","CQ","3",NA,1,36.5193,-121.95351,NA,18.6915887850467,9.34579439252336,1.86915887850467,0,0.934579439252336,29.9065420560748,8.41121495327103,20.5607476635514,"",0,7.47663551401869,0,2.80373831775701,0,0,"",0,"",NA,NA,NA,NA,14,NA,NA,NA,NA,NA,NA,NA,NA,NA,"",107,59.8130841121495,11.214953271028,29.9065420560748,2.80373831775701,10.2803738317757,NA
"54","Pt. Lobos",2022-10-26,"Fall","CQ","4",NA,NA,36.51954,-121.95361,NA,0,6.92307692307692,43.0769230769231,0,0.769230769230769,0.769230769230769,0,26.9230769230769,"",0,0.769230769230769,20,0.769230769230769,0,0,"",0,"",NA,NA,NA,NA,12,NA,NA,NA,NA,NA,NA,NA,NA,NA,"",130,28.4615384615385,50,50,20.7692307692308,21.5384615384615,NA
"55","Pt. Lobos",2022-10-26,"Fall","CQ","5",NA,NA,36.51945,-121.95371,NA,9.45945945945946,37.1621621621622,13.5135135135135,0.675675675675676,0.675675675675676,0,0.675675675675676,33.7837837837838,"",0,2.02702702702703,1.35135135135135,0.675675675675676,0,0,"",1,"",NA,NA,NA,NA,84,NA,NA,NA,NA,NA,NA,NA,NA,NA,"",148,35.1351351351351,50.6756756756757,60.1351351351351,2.02702702702703,4.05405405405405,NA
"56","Cannery Row",2022-10-27,"Fall","CQ","1",1,1,36.61382,-121.89749,NA,28,4,3,0,5,1,7,0,"",0,42,7,3,0,0,"",1,"",100,0,0,0,101,NA,NA,NA,NA,NA,NA,NA,NA,NA,"",100,13,7,35,10,52,NA
"57","Cannery Row",2022-10-27,"Fall","CQ","2",1,1,36.61398,-121.89777,NA,31.8681318681319,2.1978021978022,1.0989010989011,0,1.0989010989011,1.0989010989011,41.7582417582418,0,"",0,14.2857142857143,2.1978021978022,4.3956043956044,0,0,"",0,"",NA,NA,NA,NA,74,NA,NA,NA,NA,NA,NA,NA,NA,NA,"",91,43.956043956044,3.2967032967033,35.1648351648352,6.59340659340659,20.8791208791209,NA
"58","Cannery Row",2022-10-27,"Fall","CQ","3",1,1,36.61425,-121.89786,NA,22.4299065420561,2.80373831775701,0.934579439252336,0,0.934579439252336,0,0.934579439252336,0,"",0,34.5794392523364,28.9719626168224,7.47663551401869,0.934579439252336,0,"",0,"",NA,NA,NA,NA,24,NA,NA,NA,NA,NA,NA,NA,NA,NA,"",107,1.86915887850467,3.73831775700935,26.1682242990654,37.3831775700935,71.9626168224299,NA
"59","Cannery Row",2022-10-27,"Fall","CQ","4",2,2,36.61447,-121.89783,NA,22.5806451612903,2.1505376344086,0,0,4.3010752688172,2.1505376344086,29.0322580645161,0,"",0,33.3333333333333,4.3010752688172,0,2.1505376344086,0,"",0,"",NA,NA,NA,NA,160,NA,NA,NA,NA,NA,NA,NA,NA,NA,"",93,35.4838709677419,2.1505376344086,24.7311827956989,6.45161290322581,39.7849462365591,NA
"60","Cannery Row",2022-10-27,"Fall","CQ","5",2,2,36.61451,-121.89775,NA,21.875,5.20833333333333,4.16666666666667,0,2.08333333333333,3.125,51.0416666666667,0,"",0,9.375,1.04166666666667,1.04166666666667,1.04166666666667,0,"",0,"",NA,NA,NA,NA,77,NA,NA,NA,NA,NA,NA,NA,NA,NA,"",96,56.25,9.375,31.25,3.125,12.5,NA
"61","Pt. Pinos",2022-10-28,"Fall","CQ","1",NA,NA,36.63759,-121.93612,NA,18.9655172413793,0.862068965517241,0,0,6.03448275862069,6.89655172413793,58.6206896551724,0,"",0,4.31034482758621,0.862068965517241,3.44827586206897,0,0,"",0,"",NA,NA,NA,NA,22,NA,NA,NA,NA,NA,NA,NA,NA,NA,"",116,71.551724137931,0.862068965517241,19.8275862068966,4.31034482758621,8.62068965517241,NA
"62","Pt. Pinos",2022-10-28,"Fall","CQ","2",NA,NA,36.63765,-121.93626,NA,42.1052631578947,9.02255639097744,0.75187969924812,0,8.27067669172932,5.26315789473684,30.8270676691729,0,"",0,1.50375939849624,0.75187969924812,0.75187969924812,0.75187969924812,0,"",0,"",100,0,0,0,22,NA,NA,NA,NA,NA,NA,NA,NA,NA,"",133,44.3609022556391,9.77443609022556,51.8796992481203,2.25563909774436,3.7593984962406,NA
"63","Pt. Pinos",2022-10-28,"Fall","CQ","3",NA,1,36.63793,-121.93675,NA,43.3962264150943,0.943396226415094,0.943396226415094,0,6.60377358490566,6.60377358490566,27.3584905660377,0,"",0,10.377358490566,0.943396226415094,2.83018867924528,0,0,"",0,"",0,95,5,0,13,NA,NA,NA,NA,NA,NA,NA,NA,NA,"",106,40.5660377358491,1.88679245283019,45.2830188679245,3.77358490566038,14.1509433962264,NA
"64","Pt. Pinos",2022-10-28,"Fall","CQ","4",NA,1,36.63809,-121.93688,NA,22.5,0.833333333333333,15,0,5,7.5,6.66666666666667,10,"",0,5.83333333333333,21.6666666666667,4.16666666666667,0.833333333333333,0,"",0,"",NA,NA,NA,NA,31,NA,NA,NA,NA,NA,NA,NA,NA,NA,"",120,29.1666666666667,15.8333333333333,38.3333333333333,26.6666666666667,32.5,NA
"65","Pt. Pinos",2022-10-28,"Fall","CQ","5",NA,2,36.63843,-121.93713,NA,21.2962962962963,17.5925925925926,0,0,20.3703703703704,13.8888888888889,17.5925925925926,0,"",0,5.55555555555556,1.85185185185185,0.925925925925926,0.925925925925926,0,"",0,"",NA,NA,NA,NA,42,NA,NA,NA,NA,NA,NA,NA,NA,NA,"",108,51.8518518518518,17.5925925925926,38.8888888888889,3.7037037037037,9.25925925925926,NA
"66","Hopkins",2022-11-22,"Fall","CQ","1",1,1,36.621727,-121.903535,NA,13.5135135135135,9.00900900900901,0,0,2.7027027027027,0,0.900900900900901,0,"",0,1.8018018018018,59.4594594594595,0.900900900900901,11.7117117117117,0,"",0,"",70,30,0,0,71,NA,NA,NA,NA,NA,NA,NA,NA,NA,"Coordinates estimated using Google Maps",111,3.6036036036036,9.00900900900901,22.5225225225225,72.0720720720721,73.8738738738739,NA
"67","Hopkins",2022-11-22,"Fall","CQ","2",NA,NA,36.62159,-121.90344,NA,11.1111111111111,7.69230769230769,0,0.854700854700855,4.27350427350427,0.854700854700855,35.042735042735,0,"",14.5299145299145,1.70940170940171,23.0769230769231,0,0,0.854700854700855,"tube snails",0,"",100,0,0,0,52,NA,NA,NA,NA,NA,NA,NA,NA,NA,"",117,40.1709401709402,7.69230769230769,18.8034188034188,23.9316239316239,25.6410256410256,NA
"68","Hopkins",2022-11-22,"Fall","CQ","3",NA,NA,36.62159,-121.90328,NA,14.7368421052632,13.6842105263158,0,0,0,0,0,0,"",0,23.1578947368421,42.1052631578947,5.26315789473684,1.05263157894737,0,"",8,"",95,5,0,0,229,NA,NA,NA,NA,NA,NA,NA,NA,NA,"",95,0,13.6842105263158,28.4210526315789,48.4210526315789,71.5789473684211,NA
"69","Hopkins",2022-11-22,"Fall","CQ","4",2,2,36.62133,-121.90311,NA,26.9230769230769,9.61538461538462,0,0,0,0,0,0,"",0,50,4.80769230769231,5.76923076923077,2.88461538461538,0,"",1,"",100,0,0,0,110,NA,NA,NA,NA,NA,NA,NA,NA,NA,"",104,0,9.61538461538462,36.5384615384615,13.4615384615385,63.4615384615385,NA
"70","Hopkins",2022-11-22,"Fall","CQ","5",NA,NA,36.6215,-121.90377,NA,7.14285714285714,12.2448979591837,1.02040816326531,0,0,0,18.3673469387755,0,"",16.3265306122449,1.02040816326531,42.8571428571429,0,0,1.02040816326531,"tube snails",0,"",100,0,0,0,139,NA,NA,NA,NA,NA,NA,NA,NA,NA,"",98,18.3673469387755,13.265306122449,20.4081632653061,43.8775510204082,44.8979591836735,NA
"71","Otter Cove",2022-11-23,"Fall","CQ","1",2,1,36.62801,-121.92031,NA,24.0740740740741,2.77777777777778,12.037037037037,2.77777777777778,5.55555555555556,0,26.8518518518519,0,"",0.925925925925926,11.1111111111111,0,3.7037037037037,8.33333333333333,1.85185185185185,"calcareous tube worms",0,"",0,90,10,0,14,NA,NA,NA,NA,NA,NA,NA,NA,NA,"",108,32.4074074074074,14.8148148148148,38.8888888888889,13.8888888888889,25,NA
"72","Otter Cove",2022-11-23,"Fall","CQ","2",2,1,36.62801,-121.92015,NA,5.71428571428571,23.8095238095238,15.2380952380952,0.952380952380952,0.952380952380952,0,34.2857142857143,4.76190476190476,"",11.4285714285714,0.952380952380952,0,0,0.952380952380952,0.952380952380952,"tube snails",3,"",100,0,0,0,106,NA,NA,NA,NA,NA,NA,NA,NA,NA,"",105,40,39.047619047619,44.7619047619048,1.9047619047619,2.85714285714286,NA
"73","Otter Cove",2022-11-23,"Fall","CQ","3",2,1,36.62773,-121.91969,NA,4,8,2,1,5,0,48,17,"",1,8,0,4,1,1,"tube snails",1,"",100,0,0,0,53,NA,NA,NA,NA,NA,NA,NA,NA,NA,"",100,70,10,14,6,14,NA
"74","Otter Cove",2022-11-23,"Fall","CQ","4",1,2,36.62967,-121.92133,NA,35.1851851851852,10.1851851851852,0.925925925925926,0,9.25925925925926,0,12.962962962963,1.85185185185185,"",0,26.8518518518519,0,0.925925925925926,1.85185185185185,0,"",0,"",100,0,0,0,149,NA,NA,NA,NA,NA,NA,NA,NA,NA,"",108,24.0740740740741,11.1111111111111,46.2962962962963,2.77777777777778,29.6296296296296,NA
"75","Otter Cove",2022-11-23,"Fall","CQ","5",1,2,36.62984,-121.92138,NA,8.69565217391304,15.6521739130435,17.3913043478261,0,2.60869565217391,0,25.2173913043478,0,"",19.1304347826087,11.304347826087,0,0,0,0,"",0,"",10,50,0,40,45,NA,NA,NA,NA,NA,NA,NA,NA,NA,"",115,27.8260869565217,33.0434782608696,41.7391304347826,0,11.304347826087,NA
"76","Soberanes Pt.",2022-11-24,"Fall","CQ","1",1,1,36.45283,-121.93024,NA,4.44444444444444,62.2222222222222,2.96296296296296,0,0,3.7037037037037,3.7037037037037,17.037037037037,"",0,0.740740740740741,0,2.96296296296296,0,2.22222222222222,"sponge",0,"",100,0,0,0,46,NA,NA,NA,NA,NA,NA,NA,NA,NA,"",135,24.4444444444444,65.1851851851852,69.6296296296296,5.18518518518519,5.92592592592593,NA
"77","Soberanes Pt.",2022-11-24,"Fall","CQ","2",NA,NA,36.45274,-121.93008,NA,9.16030534351145,30.5343511450382,16.030534351145,0,0,14.5038167938931,9.16030534351145,12.9770992366412,"",0,0.763358778625954,0,5.34351145038168,0,1.52671755725191,"1 sponge 1 bryozoan",0,"",100,0,0,0,67,NA,NA,NA,NA,NA,NA,NA,NA,NA,"",131,36.6412213740458,46.5648854961832,55.7251908396947,6.87022900763359,7.63358778625954,NA
"78","Soberanes Pt.",2022-11-24,"Fall","CQ","3",2,NA,36.45277,-121.92967,NA,9.57446808510638,39.3617021276596,2.12765957446809,0,0,2.12765957446809,0,5.31914893617021,"",0,27.6595744680851,1.06382978723404,4.25531914893617,0,8.51063829787234,"sponge",6,"",80,0,0,20,438,NA,NA,NA,NA,NA,NA,NA,NA,NA,"",94,7.4468085106383,41.4893617021277,51.063829787234,13.8297872340426,41.4893617021277,NA
"79","Soberanes Pt.",2022-11-24,"Fall","CQ","4",1,1,36.4528,-121.93014,NA,20,23.6363636363636,6.36363636363636,0,0,6.36363636363636,7.27272727272727,15.4545454545455,"",0,0,0,17.2727272727273,0,3.63636363636364,"1 sponge 3 tubeworm",0,"",100,0,0,0,67,NA,NA,NA,NA,NA,NA,NA,NA,NA,"",110,29.0909090909091,30,50,20.9090909090909,20.9090909090909,NA
"80","Soberanes Pt.",2022-11-24,"Fall","CQ","5",NA,2,36.4524,-121.92999,NA,1.78571428571429,8.92857142857143,10.7142857142857,1.78571428571429,0.892857142857143,0.892857142857143,0.892857142857143,5.35714285714286,"",0,1.78571428571429,64.2857142857143,1.78571428571429,0,0.892857142857143,"sponge",0,"",100,0,0,0,47,NA,NA,NA,NA,NA,NA,NA,NA,NA,"",112,8.03571428571428,19.6428571428571,21.4285714285714,66.9642857142857,68.75,NA
"81","China Rock",2022-11-25,"Fall","CQ","1",1,1,36.6064,-121.95953,NA,25.9259259259259,8.33333333333333,0.925925925925926,0.925925925925926,14.8148148148148,3.7037037037037,15.7407407407407,0,"",0,24.0740740740741,2.77777777777778,2.77777777777778,0,0,"",0,"",100,0,0,0,36,NA,NA,NA,NA,NA,NA,NA,NA,NA,"",108,34.2592592592593,9.25925925925926,35.1851851851852,5.55555555555556,29.6296296296296,NA
"82","China Rock",2022-11-25,"Fall","CQ","2",1,1,36.60614,-121.95959,NA,7.37704918032787,16.3934426229508,2.45901639344262,0,0.819672131147541,1.63934426229508,19.672131147541,15.5737704918033,"Egregia",1.63934426229508,32.7868852459016,0.819672131147541,0.819672131147541,0,0,"",0,"",20,5,75,0,18,NA,NA,NA,NA,NA,NA,NA,NA,NA,"",122,37.7049180327869,18.8524590163934,26.2295081967213,1.63934426229508,34.4262295081967,NA
"83","China Rock",2022-11-25,"Fall","CQ","3",2,NA,36.606,-121.95986,NA,4.67289719626168,19.6261682242991,1.86915887850467,0,0,8.41121495327103,42.9906542056075,0.934579439252336,"",0,11.214953271028,0.934579439252336,8.41121495327103,0,0.934579439252336,"sponge",0,"",100,0,0,0,15,NA,NA,NA,NA,NA,NA,NA,NA,NA,"",107,52.3364485981308,21.4953271028037,26.1682242990654,10.2803738317757,21.4953271028037,NA
"84","China Rock",2022-11-25,"Fall","CQ","4",NA,2,36.6058,-121.96004,NA,3.84615384615385,11.5384615384615,0.961538461538462,0.961538461538462,0,2.88461538461538,53.8461538461538,0,"",0,23.0769230769231,0,2.88461538461538,0,0,"",0,"",70,10,20,0,75,NA,NA,NA,NA,NA,NA,NA,NA,NA,"",104,56.7307692307692,12.5,16.3461538461538,2.88461538461538,25.9615384615385,NA
"85","China Rock",2022-11-25,"Fall","CQ","5",NA,NA,36.6056,-121.96028,NA,1.66666666666667,12.5,15,0,4.16666666666667,0,18.3333333333333,25,"Egregia",7.5,12.5,0,1.66666666666667,0,1.66666666666667,"tunicate",0,"",0,80,20,0,22,NA,NA,NA,NA,NA,NA,NA,NA,NA,"",120,47.5,27.5,29.1666666666667,3.33333333333333,15.8333333333333,NA
"86","Pescadero Pt.",2022-11-26,"Fall","CQ","1",2,NA,36.56144,-121.9547,NA,3.14465408805031,37.1069182389937,9.43396226415094,0,0,1.88679245283019,7.54716981132075,36.4779874213836,"Egregia",0,3.14465408805031,0,0,0.628930817610063,0.628930817610063,"sponge",0,"",100,0,0,0,52,NA,NA,NA,NA,NA,NA,NA,NA,NA,"",159,45.9119496855346,46.5408805031446,49.685534591195,1.25786163522013,4.40251572327044,NA
"87","Pescadero Pt.",2022-11-26,"Fall","CQ","2",NA,1,36.56124,-121.95451,NA,8.28025477707006,19.7452229299363,24.8407643312102,0,0.636942675159236,3.82165605095541,12.1019108280255,8.9171974522293,"Egregia",0,5.73248407643312,3.82165605095541,12.1019108280255,0,0,"",0,"",100,0,0,0,63,NA,NA,NA,NA,NA,NA,NA,NA,NA,"",157,25.4777070063694,44.5859872611465,52.8662420382166,15.9235668789809,21.656050955414,NA
"88","Pescadero Pt.",2022-11-26,"Fall","CQ","3",NA,1,36.56115,-121.95445,NA,1.06382978723404,43.6170212765958,3.19148936170213,0,0,0,0,0,"",0,18.0851063829787,12.7659574468085,21.2765957446809,0,0,"",1,"",100,0,0,0,142,NA,NA,NA,NA,NA,NA,NA,NA,NA,"",94,0,46.8085106382979,47.8723404255319,34.0425531914894,52.1276595744681,NA
"89","Pescadero Pt.",2022-11-26,"Fall","CQ","4",1,2,36.56105,-121.95401,NA,17.4311926605505,1.8348623853211,1.8348623853211,0,0.917431192660551,34.8623853211009,12.8440366972477,0,"",0,25.6880733944954,2.75229357798165,1.8348623853211,0,0,"",2,"",50,50,0,0,105,NA,NA,NA,NA,NA,NA,NA,NA,NA,"",109,48.6238532110092,3.6697247706422,21.1009174311927,4.58715596330275,30.2752293577982,NA
"90","Pescadero Pt.",2022-11-26,"Fall","CQ","5",1,2,36.56099,-121.95393,NA,16.969696969697,10.3030303030303,25.4545454545455,0,0,18.7878787878788,12.7272727272727,0,"",3.03030303030303,11.5151515151515,0,0.606060606060606,0,0.606060606060606,"tube snail",0,"",100,0,0,0,165,NA,NA,NA,NA,NA,NA,NA,NA,NA,"",165,31.5151515151515,35.7575757575758,52.7272727272727,1.21212121212121,12.7272727272727,NA
"91","China Rock",2023-01-18,"Winter","CQ","1",1,1,36.60645,-121.95958,NA,12.5984251968504,14.1732283464567,20.4724409448819,0.78740157480315,4.7244094488189,3.1496062992126,0.78740157480315,0,"",0,16.5354330708661,22.0472440944882,1.5748031496063,2.36220472440945,0.78740157480315,"tunicate",1,"Laminaria setchelli",70,0,30,0,205,NA,NA,NA,NA,NA,NA,NA,NA,NA,"",127,8.66141732283464,34.6456692913386,47.244094488189,26.7716535433071,43.3070866141732,NA
"92","China Rock",2023-01-18,"Winter","CQ","2",1,1,36.60631,-121.95936,NA,13.4453781512605,19.327731092437,10.0840336134454,0,10.9243697478992,0.840336134453782,4.20168067226891,0,"",9.2436974789916,30.2521008403361,0.840336134453782,0,0,0.840336134453782,"",0,"",0,70,30,0,37,NA,NA,NA,NA,NA,NA,NA,NA,NA,"",119,15.9663865546218,29.4117647058824,42.8571428571429,1.68067226890756,31.9327731092437,NA
"93","China Rock",2023-01-18,"Winter","CQ","3",1,1,36.60615,-121.95961,NA,24.1379310344828,25,0.862068965517241,0,1.72413793103448,1.72413793103448,4.31034482758621,5.17241379310345,"Egregia menziesii",0,34.4827586206897,0.862068965517241,1.72413793103448,0,0,"",0,"",NA,NA,NA,NA,48,NA,NA,NA,NA,NA,NA,NA,NA,NA,"",116,12.9310344827586,25.8620689655172,50,2.58620689655172,37.0689655172414,NA
"94","China Rock",2023-01-18,"Winter","CQ","4",2,2,36.60602,-121.95988,NA,14.2857142857143,25.2100840336134,3.36134453781513,0,0,8.40336134453782,22.6890756302521,3.36134453781513,"Egregia menziesii",0.840336134453782,6.72268907563025,0,13.4453781512605,0,1.68067226890756,"1 sponge, 1 tunicate",0,"",NA,NA,NA,NA,41,NA,NA,NA,NA,NA,NA,NA,NA,NA,"",119,34.453781512605,28.5714285714286,42.8571428571429,15.1260504201681,21.8487394957983,NA
"95","China Rock",2023-01-18,"Winter","CQ","5",2,2,36.60591,-121.96002,NA,10.2803738317757,9.34579439252336,25.2336448598131,0,9.34579439252336,0.934579439252336,6.54205607476635,0.934579439252336,"Egregia menziesii",0,24.2990654205607,0,10.2803738317757,1.86915887850467,0.934579439252336,"tubeworm",0,"",100,0,0,0,66,NA,NA,NA,NA,NA,NA,NA,NA,NA,"",107,17.7570093457944,34.5794392523364,44.8598130841121,13.0841121495327,37.3831775700935,NA
"96","Hopkins",2023-01-19,"Winter","CQ","1",1,1,36.62173,-121.90349,NA,2.85714285714286,0.952380952380952,0,0,0,0.952380952380952,6.66666666666667,0,"",0.952380952380952,8.57142857142857,79.0476190476191,0,0,0,"",0,"",100,0,0,0,30,NA,NA,NA,NA,NA,NA,NA,NA,NA,"",105,7.61904761904762,0.952380952380952,3.80952380952381,79.0476190476191,87.6190476190476,NA
"97","Hopkins",2023-01-19,"Winter","CQ","2",NA,NA,36.62166,-121.90333,NA,20.8333333333333,5.83333333333333,2.5,0,5.83333333333333,0.833333333333333,7.5,0,"",5.83333333333333,16.6666666666667,16.6666666666667,0,16.6666666666667,0.833333333333333,"",0,"",100,0,0,0,164,NA,NA,NA,NA,NA,NA,NA,NA,NA,"",120,14.1666666666667,8.33333333333333,29.1666666666667,34.1666666666667,50.8333333333333,NA
"98","Hopkins",2023-01-19,"Winter","CQ","3",NA,NA,36.62151,-121.90379,NA,9,13,1,0,0,0,18,0,"",12,8,38,1,0,0,"",1,"Laminaria setchellii",100,0,0,0,39,NA,NA,NA,NA,NA,NA,NA,NA,NA,"",100,18,14,23,39,47,NA
"99","Hopkins",2023-01-19,"Winter","CQ","4",2,2,36.62148,-121.90331,NA,22.4299065420561,8.41121495327103,1.86915887850467,1.86915887850467,2.80373831775701,5.60747663551402,30.8411214953271,0,"",0,12.1495327102804,12.1495327102804,0.934579439252336,0,0.934579439252336,"sponge",2,"",100,0,0,0,45,NA,NA,NA,NA,NA,NA,NA,NA,NA,"",107,39.2523364485981,10.2803738317757,32.7102803738318,14.018691588785,26.1682242990654,NA
"100","Hopkins",2023-01-19,"Winter","CQ","5",2,2,36.62136,-121.90312,NA,34,8,0,0,1,0,0,0,"",0,38,7,8,4,0,"",0,"",100,0,0,0,87,NA,NA,NA,NA,NA,NA,NA,NA,NA,"",100,1,8,42,19,57,NA
"101","Pescadero Pt.",2023-01-20,"Winter","CQ","1",2,NA,36.56148,-121.95483,NA,30.6930693069307,8.91089108910891,12.8712871287129,0,0,0,1.98019801980198,0.99009900990099,"Egregia menziesii",0,41.5841584158416,0.99009900990099,0,0.99009900990099,0.99009900990099,"tunicate",0,"",95,5,0,0,35,NA,NA,NA,NA,NA,NA,NA,NA,NA,"",101,2.97029702970297,21.7821782178218,52.4752475247525,2.97029702970297,44.5544554455446,NA
"102","Pescadero Pt.",2023-01-20,"Winter","CQ","2",NA,1,36.56121,-121.95454,NA,10.3448275862069,35.8620689655172,11.7241379310345,0,0,2.06896551724138,0,2.75862068965517,"",0,14.4827586206897,3.44827586206897,18.6206896551724,0,0.689655172413793,"sponge",0,"",100,0,0,0,56,NA,NA,NA,NA,NA,NA,NA,NA,NA,"",145,4.82758620689655,47.5862068965517,57.9310344827586,22.7586206896552,37.2413793103448,NA
"103","Pescadero Pt.",2023-01-20,"Winter","CQ","3",1,2,36.5611,-121.95414,NA,32.1100917431193,9.1743119266055,1.8348623853211,0,3.6697247706422,1.8348623853211,1.8348623853211,3.6697247706422,"Egregia menziesii",0,21.1009174311927,5.5045871559633,1.8348623853211,17.4311926605505,0,"",2,"",100,0,0,0,128,NA,NA,NA,NA,NA,NA,NA,NA,NA,"",109,11.0091743119266,11.0091743119266,43.1192660550459,24.7706422018349,45.8715596330275,NA
"104","Pescadero Pt.",2023-01-20,"Winter","CQ","4",1,2,36.56105,-121.95405,NA,20.952380952381,7.61904761904762,4.76190476190476,0,2.85714285714286,0,1.9047619047619,3.80952380952381,"Egregia menziesii",0,19.047619047619,29.5238095238095,3.80952380952381,5.71428571428571,0,"",0,"",100,0,0,0,41,NA,NA,NA,NA,NA,NA,NA,NA,NA,"",105,8.57142857142857,12.3809523809524,33.3333333333333,39.0476190476191,58.0952380952381,NA
"105","Pescadero Pt.",2023-01-20,"Winter","CQ","5",1,2,36.56098,-121.95395,NA,21.2121212121212,38.3838383838384,7.07070707070707,0,0,1.01010101010101,1.01010101010101,20.2020202020202,"Egregia menziesii",0,8.08080808080808,1.01010101010101,0,1.01010101010101,1.01010101010101,"tubesnail",0,"",100,0,0,0,100,NA,NA,NA,NA,NA,NA,NA,NA,NA,"",99,22.2222222222222,45.4545454545455,66.6666666666667,3.03030303030303,11.1111111111111,NA
"106","Pt. Pinos",2023-01-21,"Winter","CQ","1",NA,NA,36.63768,-121.93613,NA,22.6890756302521,6.72268907563025,10.9243697478992,0,10.9243697478992,5.04201680672269,10.9243697478992,0,"",7.56302521008403,16.8067226890756,2.52100840336134,2.52100840336134,0,3.36134453781513,"sponge",0,"",65,0,0,35,24,NA,NA,NA,NA,NA,NA,NA,NA,NA,"",119,26.890756302521,17.6470588235294,40.3361344537815,8.40336134453782,25.2100840336134,NA
"107","Pt. Pinos",2023-01-21,"Winter","CQ","2",NA,1,36.6381,-121.93675,NA,9.18367346938776,19.3877551020408,4.08163265306122,0,1.02040816326531,1.02040816326531,34.6938775510204,0,"",0,25.5102040816327,2.04081632653061,1.02040816326531,1.02040816326531,1.02040816326531,"sponge",0,"",65,5,5,25,54,NA,NA,NA,NA,NA,NA,NA,NA,NA,"",98,36.734693877551,23.469387755102,32.6530612244898,5.10204081632653,30.6122448979592,NA
"108","Pt. Pinos",2023-01-21,"Winter","CQ","3",NA,1,36.63819,-121.93685,NA,6.60377358490566,13.2075471698113,1.88679245283019,0.943396226415094,1.88679245283019,0.943396226415094,3.77358490566038,20.7547169811321,"Egregia menziesii",0,39.622641509434,6.60377358490566,3.77358490566038,0,0,"",0,"",90,0,5,5,25,NA,NA,NA,NA,NA,NA,NA,NA,NA,"",106,27.3584905660377,15.0943396226415,21.6981132075472,10.377358490566,50,NA
"109","Pt. Pinos",2023-01-21,"Winter","CQ","4",NA,2,36.63842,-121.93705,NA,5.63380281690141,34.5070422535211,8.45070422535211,0,0,0.704225352112676,7.74647887323944,19.0140845070423,"Egregia menziesii",2.11267605633803,16.1971830985916,2.11267605633803,2.8169014084507,0,0.704225352112676,"sponge",0,"",95,0,2,3,74,NA,NA,NA,NA,NA,NA,NA,NA,NA,"",142,27.4647887323944,42.9577464788732,48.5915492957746,5.63380281690141,21.830985915493,NA
"110","Pt. Pinos",2023-01-21,"Winter","CQ","5",NA,2,36.63854,-121.93723,NA,0.854700854700855,19.6581196581197,22.2222222222222,0,0,0.854700854700855,1.70940170940171,43.5897435897436,"46 Egregia, 5 Laminaria setchellii",0,4.27350427350427,2.56410256410256,4.27350427350427,0,0,"",0,"",100,0,0,0,25,NA,NA,NA,NA,NA,NA,NA,NA,NA,"",117,46.1538461538462,41.8803418803419,42.7350427350427,6.83760683760684,11.1111111111111,NA
"111","Otter Cove",2023-01-21,"Winter","CQ","1",NA,2,36.62962,-121.92133,NA,27.0833333333333,8.33333333333333,6.25,1.04166666666667,9.375,0,4.16666666666667,2.08333333333333,"",0,36.4583333333333,0,0,5.20833333333333,0,"",3,"",100,0,0,0,164,NA,NA,NA,NA,NA,NA,NA,NA,NA,"",96,15.625,14.5833333333333,41.6666666666667,5.20833333333333,41.6666666666667,NA
"112","Otter Cove",2023-01-21,"Winter","CQ","2",2,1,36.62801,-121.92027,NA,15.5172413793103,30.1724137931034,31.0344827586207,0.862068965517241,6.89655172413793,0,6.03448275862069,0,"",5.17241379310345,3.44827586206897,0.862068965517241,0,0,0,"",0,"",100,0,0,0,81,NA,NA,NA,NA,NA,NA,NA,NA,NA,"",116,12.9310344827586,61.2068965517241,76.7241379310345,0.862068965517241,4.31034482758621,NA
"113","Otter Cove",2023-01-21,"Winter","CQ","3",2,1,36.62799,-121.92024,NA,69.3877551020408,0,1.02040816326531,0,4.08163265306122,0,12.2448979591837,0,"",0,4.08163265306122,0,6.12244897959184,3.06122448979592,0,"",0,"",0,90,0,10,28,NA,NA,NA,NA,NA,NA,NA,NA,NA,"",98,16.3265306122449,1.02040816326531,70.4081632653061,9.18367346938775,13.265306122449,NA
"114","Otter Cove",2023-01-21,"Winter","CQ","4",2,1,36.62786,-121.92016,NA,45.2631578947368,21.0526315789474,3.15789473684211,0,10.5263157894737,2.10526315789474,4.21052631578947,3.15789473684211,"",2.10526315789474,4.21052631578947,0,0,4.21052631578947,0,"",0,"",0,95,0,5,26,NA,NA,NA,NA,NA,NA,NA,NA,NA,"",95,20,24.2105263157895,69.4736842105263,4.21052631578947,8.42105263157895,NA
"115","Otter Cove",2023-01-21,"Winter","CQ","5",2,1,36.62775,-121.91977,NA,28.5714285714286,7.14285714285714,11.6071428571429,0,8.03571428571429,0,26.7857142857143,0.892857142857143,"Egregia menziesii",3.57142857142857,3.57142857142857,0,1.78571428571429,7.14285714285714,0.892857142857143,"sponge",0,"",100,0,0,0,10,NA,NA,NA,NA,NA,NA,NA,NA,NA,"",112,35.7142857142857,18.75,47.3214285714286,9.82142857142857,13.3928571428571,NA
"116","Carmel Pt.",2023-01-22,"Winter","CQ","1",1,1,36.5443,-121.93378,NA,20.2127659574468,8.51063829787234,9.57446808510638,0,4.25531914893617,1.06382978723404,18.0851063829787,5.31914893617021,"2 Egregia, 3 Laminaria setchellii",0,15.9574468085106,2.12765957446809,9.57446808510638,3.19148936170213,2.12765957446809,"tunicate",4,"2 Macrocystis, 2 Laminaria",100,0,0,0,118,NA,NA,NA,NA,NA,NA,NA,NA,NA,"",94,28.7234042553191,18.0851063829787,38.2978723404255,17.0212765957447,32.9787234042553,NA
"117","Carmel Pt.",2023-01-22,"Winter","CQ","2",1,1,36.54403,-121.93385,NA,49.4736842105263,4.21052631578947,0,0,5.26315789473684,3.15789473684211,23.1578947368421,0,"",0,10.5263157894737,0,0,2.10526315789474,2.10526315789474,"sponge",5,"Macrocystis",0,75,25,0,218,NA,NA,NA,NA,NA,NA,NA,NA,NA,"",95,31.5789473684211,4.21052631578947,53.6842105263158,4.21052631578947,14.7368421052632,NA
"118","Carmel Pt.",2023-01-22,"Winter","CQ","3",NA,NA,36.5439,-121.93408,NA,4.85436893203883,29.126213592233,22.3300970873786,0,0.970873786407767,4.85436893203883,11.6504854368932,0,"",0,23.3009708737864,0.970873786407767,0,0.970873786407767,0.970873786407767,"sponge",4,"Macrocystis",0,100,0,0,216,NA,NA,NA,NA,NA,NA,NA,NA,NA,"",103,17.4757281553398,51.4563106796116,56.3106796116505,2.9126213592233,26.2135922330097,NA
"119","Carmel Pt.",2023-01-22,"Winter","CQ","4",NA,NA,36.54383,-121.93414,NA,34.8623853211009,3.6697247706422,0.917431192660551,0,0.917431192660551,7.3394495412844,21.1009174311927,0.917431192660551,"Egregia menziesii",0,21.1009174311927,1.8348623853211,0.917431192660551,4.58715596330275,1.8348623853211,"1 tunicate, 1 bryozoan",1,"Laminaria setchellii",10,80,10,0,69,NA,NA,NA,NA,NA,NA,NA,NA,NA,"",109,30.2752293577982,4.58715596330275,39.4495412844037,9.1743119266055,30.2752293577982,NA
"120","Carmel Pt.",2023-01-22,"Winter","CQ","5",2,2,36.54364,-121.93423,NA,15.6716417910448,15.6716417910448,2.23880597014925,0,0,8.2089552238806,17.1641791044776,0,"",0,35.0746268656716,1.49253731343284,0.746268656716418,0.746268656716418,2.98507462686567,"sponge",0,"",70,30,0,0,121,NA,NA,NA,NA,NA,NA,NA,NA,NA,"",134,25.3731343283582,17.910447761194,33.5820895522388,5.97014925373134,41.044776119403,NA
"121","Cannery Row",2023-01-23,"Winter","CQ","1",1,1,36.6138,-121.89747,NA,18.1102362204724,15.748031496063,3.1496062992126,0,3.1496062992126,0,0.78740157480315,0,"",0,18.8976377952756,19.6850393700787,19.6850393700787,0,0.78740157480315,"sponge",0,"",100,0,0,0,76,NA,NA,NA,NA,NA,NA,NA,NA,NA,"",127,3.93700787401575,18.8976377952756,37.007874015748,40.1574803149606,59.0551181102362,NA
"122","Cannery Row",2023-01-23,"Winter","CQ","2",1,1,36.61398,-121.89768,NA,31.25,5.20833333333333,3.125,0,1.04166666666667,0,25,0,"",0,10.4166666666667,21.875,1.04166666666667,1.04166666666667,0,"",1,"Macrocystis",5,95,0,0,40,NA,NA,NA,NA,NA,NA,NA,NA,NA,"",96,26.0416666666667,8.33333333333333,39.5833333333333,23.9583333333333,34.375,NA
"123","Cannery Row",2023-01-23,"Winter","CQ","3",1,1,36.61429,-121.89784,NA,21.875,3.125,7.29166666666667,0,7.29166666666667,0,9.375,0,"",0,34.375,14.5833333333333,2.08333333333333,0,0,"",1,"Macrocystis",10,90,0,0,81,NA,NA,NA,NA,NA,NA,NA,NA,NA,"",96,16.6666666666667,10.4166666666667,32.2916666666667,16.6666666666667,51.0416666666667,NA
"124","Cannery Row",2023-01-23,"Winter","CQ","4",2,2,36.61453,-121.89786,NA,25.9842519685039,3.93700787401575,4.7244094488189,0,5.51181102362205,0,29.1338582677165,0,"",0,19.6850393700787,4.7244094488189,2.36220472440945,3.93700787401575,0,"",0,"",75,25,0,0,244,NA,NA,NA,NA,NA,NA,NA,NA,NA,"",127,34.6456692913386,8.66141732283464,34.6456692913386,11.0236220472441,30.7086614173228,NA
"125","Cannery Row",2023-01-23,"Winter","CQ","5",2,2,36.6145,-121.89777,NA,31.9587628865979,8.24742268041237,7.21649484536082,0,4.12371134020619,1.03092783505155,14.4329896907216,0,"",0,25.7731958762887,3.09278350515464,2.06185567010309,2.06185567010309,0,"",0,"",100,0,0,0,238,NA,NA,NA,NA,NA,NA,NA,NA,NA,"",97,19.5876288659794,15.4639175257732,47.4226804123711,7.21649484536082,32.9896907216495,NA
"126","Pt. Lobos",2023-02-03,"Winter","CQ","1",NA,NA,36.51908,-121.95376,NA,28.2828282828283,9.09090909090909,0,0,0,0,0,0,"",0,62.6262626262626,0,0,0,0,"",0,"",100,0,0,0,124,NA,NA,NA,NA,NA,NA,NA,NA,NA,"",99,0,9.09090909090909,37.3737373737374,0,62.6262626262626,NA
"127","Pt. Lobos",2023-02-03,"Winter","CQ","2",NA,1,36.51931,-121.95365,NA,1.06382978723404,70.2127659574468,7.4468085106383,0,0,0,8.51063829787234,1.06382978723404,"Egregia menziesii",0,3.19148936170213,0,7.4468085106383,0,1.06382978723404,"tubeworms",0,"",100,0,0,0,204,NA,NA,NA,NA,NA,NA,NA,NA,NA,"",94,9.57446808510638,77.6595744680851,78.7234042553191,8.51063829787234,11.7021276595745,NA
"128","Pt. Lobos",2023-02-03,"Winter","CQ","3",NA,1,36.5193,-121.95363,NA,4.5045045045045,57.6576576576577,8.10810810810811,0,0,0.900900900900901,11.7117117117117,1.8018018018018,"1 Laminaria setchellii, 1 Egregia menziesii",0,13.5135135135135,0.900900900900901,0,0.900900900900901,0,"",0,"",100,0,0,0,58,NA,NA,NA,NA,NA,NA,NA,NA,NA,"",111,14.4144144144144,65.7657657657658,70.2702702702703,1.8018018018018,15.3153153153153,NA
"129","Pt. Lobos",2023-02-03,"Winter","CQ","4",NA,2,36.51929,-121.95285,NA,10.2362204724409,37.7952755905512,17.3228346456693,0,0,2.36220472440945,0,22.0472440944882,"Egregia menziesii",0,1.5748031496063,6.2992125984252,0.78740157480315,0,1.5748031496063,"1 sponge 1 tubeworm",0,"",100,0,0,0,9,NA,NA,NA,NA,NA,NA,NA,NA,NA,"",127,24.4094488188976,55.1181102362205,65.3543307086614,8.66141732283464,10.2362204724409,NA
"130","Pt. Lobos",2023-02-03,"Winter","CQ","5",NA,2,36.51936,-121.95286,NA,5.98290598290598,23.0769230769231,17.9487179487179,0,0,0,0.854700854700855,24.7863247863248,"Egregia menziesii",0,0.854700854700855,23.0769230769231,0.854700854700855,0.854700854700855,1.70940170940171,"sponge",0,"",100,0,0,0,25,NA,NA,NA,NA,NA,NA,NA,NA,NA,"",117,25.6410256410256,41.025641025641,47.008547008547,26.4957264957265,27.3504273504274,NA
"131","Soberanes Pt.",2023-02-04,"Winter","CQ","1",1,1,36.45287,-121.93005,NA,21.4285714285714,26.7857142857143,14.2857142857143,0,0.892857142857143,4.46428571428571,1.78571428571429,8.03571428571429,"Egregia menziesii",0,8.92857142857143,2.67857142857143,4.46428571428571,5.35714285714286,0.892857142857143,"sponge",0,"",100,0,0,0,26,NA,NA,NA,NA,NA,NA,NA,NA,NA,"",112,15.1785714285714,41.0714285714286,62.5,13.3928571428571,22.3214285714286,NA
"132","Soberanes Pt.",2023-02-04,"Winter","CQ","2",1,1,36.45289,-121.93018,NA,16.8421052631579,13.6842105263158,16.8421052631579,0,0,10.5263157894737,10.5263157894737,1.05263157894737,"Laminaria setchellii",0,9.47368421052632,1.05263157894737,9.47368421052632,6.31578947368421,4.21052631578947,"sponge",0,"",100,0,0,0,46,NA,NA,NA,NA,NA,NA,NA,NA,NA,"",95,22.1052631578947,30.5263157894737,47.3684210526316,21.0526315789474,30.5263157894737,NA
"133","Soberanes Pt.",2023-02-04,"Winter","CQ","3",1,1,36.45284,-121.93004,NA,16.9811320754717,45.2830188679245,6.60377358490566,0,0,1.88679245283019,1.88679245283019,9.43396226415094,"Egregia menziesii",0,10.377358490566,0.943396226415094,3.77358490566038,0.943396226415094,1.88679245283019,"tubeworms",0,"",100,0,0,0,39,NA,NA,NA,NA,NA,NA,NA,NA,NA,"",106,13.2075471698113,51.8867924528302,68.8679245283019,7.54716981132075,17.9245283018868,NA
"134","Soberanes Pt.",2023-02-04,"Winter","CQ","4",2,NA,36.45248,-121.92967,NA,15.1785714285714,21.4285714285714,11.6071428571429,0,3.57142857142857,0.892857142857143,2.67857142857143,0,"",0,37.5,1.78571428571429,3.57142857142857,1.78571428571429,0,"",0,"",100,0,0,0,88,NA,NA,NA,NA,NA,NA,NA,NA,NA,"",112,7.14285714285714,33.0357142857143,48.2142857142857,7.14285714285714,44.6428571428571,NA
"135","Soberanes Pt.",2023-02-04,"Winter","CQ","5",NA,2,36.45243,-121.92991,NA,13.6752136752137,5.12820512820513,0.854700854700855,0,0,0,0,0,"",0,29.9145299145299,41.025641025641,5.98290598290598,3.41880341880342,0,"",0,"",100,0,0,0,34,NA,NA,NA,NA,NA,NA,NA,NA,NA,"",117,0,5.98290598290598,19.6581196581197,50.4273504273504,80.3418803418803,NA
"136","Pt. Lobos",2023-04-13,"Spring","CQ","1",NA,1,36.51927,-121.95354,NA,32.3809523809524,5.71428571428571,0,0,0,2.85714285714286,1.9047619047619,0,"",0,49.5238095238095,0,0,7.61904761904762,0,"",0,"",100,0,0,0,23,NA,NA,NA,NA,NA,NA,NA,NA,NA,"",105,4.76190476190476,5.71428571428571,38.0952380952381,7.61904761904762,57.1428571428571,NA
"137","Pt. Lobos",2023-04-13,"Spring","CQ","2",NA,1,36.51933,-121.95357,NA,15.5038759689922,30.2325581395349,6.2015503875969,0,0.775193798449612,2.32558139534884,6.2015503875969,14.7286821705426,"Egregia menziesii",0,21.7054263565891,0.775193798449612,0.775193798449612,0.775193798449612,0,"",0,"",75,0,25,0,27,NA,NA,NA,NA,NA,NA,NA,NA,NA,"",129,24.031007751938,36.4341085271318,51.937984496124,2.32558139534884,24.031007751938,NA
"138","Pt. Lobos",2023-04-13,"Spring","CQ","3",NA,1,36.51932,-121.95353,NA,25.5102040816327,29.5918367346939,6.12244897959184,17.3469387755102,0,11.2244897959184,3.06122448979592,3.06122448979592,"Egregia menziesii",0,4.08163265306122,0,0,0,0,"",0,"",25,70,5,0,46,NA,NA,NA,NA,NA,NA,NA,NA,NA,"",98,17.3469387755102,35.7142857142857,61.2244897959184,0,4.08163265306122,NA
"139","Pt. Lobos",2023-04-13,"Spring","CQ","4",NA,2,36.51938,-121.95283,NA,0,5.10204081632653,45.9183673469388,0,0,0,2.04081632653061,25.5102040816327,"Egregia menziesii, Alaria marginata",0,2.04081632653061,13.265306122449,3.06122448979592,1.02040816326531,2.04081632653061,"",0,"",100,0,0,0,51,NA,NA,NA,NA,NA,NA,NA,NA,NA,"",98,27.5510204081633,51.0204081632653,51.0204081632653,19.3877551020408,21.4285714285714,NA
"140","Pt. Lobos",2023-04-13,"Spring","CQ","5",NA,2,36.51931,-121.95284,NA,3.2,49.6,8,0,0,2.4,1.6,31.2,"Egregia menziesii",0,1.6,1.6,0.8,0,0,"",0,"",100,0,0,0,54,NA,NA,NA,NA,NA,NA,NA,NA,NA,"",125,35.2,57.6,60.8,2.4,4,NA
"141","Carmel Pt.",2023-04-14,"Spring","CQ","1",1,1,36.54441,-121.93384,NA,14.8514851485149,13.8613861386139,12.8712871287129,0,2.97029702970297,3.96039603960396,8.91089108910891,2.97029702970297,"Egregia menziesii",3.96039603960396,33.6633663366337,0,0.99009900990099,0,0.99009900990099,"tube snail",0,"",0,70,30,0,184,NA,NA,NA,NA,NA,NA,NA,NA,NA,"",101,18.8118811881188,26.7326732673267,41.5841584158416,1.98019801980198,35.6435643564356,NA
"142","Carmel Pt.",2023-04-14,"Spring","CQ","2",1,1,36.5442,-121.93389,NA,13.8211382113821,19.5121951219512,20.3252032520325,0,0.813008130081301,2.4390243902439,5.69105691056911,0,"",4.8780487804878,29.2682926829268,0,0.813008130081301,0.813008130081301,1.6260162601626,"sponge",0,"",0,80,0,20,265,NA,NA,NA,NA,NA,NA,NA,NA,NA,"",123,8.94308943089431,39.8373983739837,53.6585365853659,3.2520325203252,32.520325203252,NA
"143","Carmel Pt.",2023-04-14,"Spring","CQ","3",NA,NA,36.54404,-121.9341,NA,17.0212765957447,19.1489361702128,17.0212765957447,0,0,4.25531914893617,9.57446808510638,0,"",0,28.7234042553192,0,1.06382978723404,1.06382978723404,2.12765957446809,"1 sponge 1 tubesnail",0,"",15,80,5,0,196,NA,NA,NA,NA,NA,NA,NA,NA,NA,"",94,13.8297872340426,36.1702127659574,53.1914893617021,4.25531914893617,32.9787234042553,NA
"144","Carmel Pt.",2023-04-14,"Spring","CQ","4",2,2,36.54378,-121.93429,NA,4.0650406504065,17.8861788617886,15.4471544715447,0,0.813008130081301,32.520325203252,11.3821138211382,7.31707317073171,"Egregia menziesii",0,5.69105691056911,1.6260162601626,0.813008130081301,0,2.4390243902439,"sponge",0,"",NA,NA,NA,NA,113,NA,NA,NA,NA,NA,NA,NA,NA,NA,"",123,52.0325203252033,33.3333333333333,37.3983739837398,4.87804878048781,10.5691056910569,NA
"145","Carmel Pt.",2023-04-14,"Spring","CQ","5",2,2,36.54361,-121.93428,NA,8.08080808080808,17.1717171717172,2.02020202020202,0,0,24.2424242424242,26.2626262626263,0,"",0,19.1919191919192,1.01010101010101,1.01010101010101,1.01010101010101,0,"",0,"",35,50,15,0,98,NA,NA,NA,NA,NA,NA,NA,NA,NA,"",99,50.5050505050505,19.1919191919192,27.2727272727273,3.03030303030303,22.2222222222222,NA
"146","Pescadero Pt.",2023-04-15,"Spring","CQ","1",2,NA,36.56153,-121.95472,NA,4.12371134020619,2.06185567010309,0,59.7938144329897,0,13.4020618556701,10.3092783505155,5.15463917525773,"3 Costaria costata, 2 Egregia menziesii",0,4.12371134020619,0,1.03092783505155,0,0,"",0,"",100,0,0,0,18,NA,NA,NA,NA,NA,NA,NA,NA,NA,"",97,28.8659793814433,2.06185567010309,6.18556701030928,1.03092783505155,5.15463917525773,NA
"147","Pescadero Pt.",2023-04-15,"Spring","CQ","2",NA,1,36.56123,-121.95451,NA,26.5486725663717,15.929203539823,8.84955752212389,0,2.65486725663717,2.65486725663717,0,3.53982300884956,"Alaria marginata",0,20.353982300885,2.65486725663717,13.2743362831858,0,3.53982300884956,"sponge",0,"",100,0,0,0,189,NA,NA,NA,NA,NA,NA,NA,NA,NA,"",113,8.8495575221239,24.7787610619469,51.3274336283186,19.4690265486726,39.8230088495575,NA
"148","Pescadero Pt.",2023-04-15,"Spring","CQ","3",NA,1,36.56126,-121.95438,NA,29.1666666666667,25,2.08333333333333,1.04166666666667,1.04166666666667,0,0,0,"",0,40.625,0,1.04166666666667,0,0,"",1,"Alaria marginata",100,0,0,0,172,NA,NA,NA,NA,NA,NA,NA,NA,NA,"",96,1.04166666666667,27.0833333333333,56.25,1.04166666666667,41.6666666666667,NA
"149","Pescadero Pt.",2023-04-15,"Spring","CQ","4",NA,1,36.56108,-121.95433,NA,15,20.8333333333333,15.8333333333333,1.66666666666667,0,0.833333333333333,0,6.66666666666667,"Alaria marginata",0,9.16666666666667,14.1666666666667,10,3.33333333333333,2.5,"1 tunicate 2 sponge",0,"",100,0,0,0,53,NA,NA,NA,NA,NA,NA,NA,NA,NA,"",120,7.5,36.6666666666667,51.6666666666667,30,39.1666666666667,NA
"150","Pescadero Pt.",2023-04-15,"Spring","CQ","5",1,2,36.56109,-121.95412,NA,12.0967741935484,18.5483870967742,4.03225806451613,22.5806451612903,0,6.45161290322581,0.806451612903226,5.64516129032258,"3 Costaria costata 4 Alaria marginata",0,25,1.61290322580645,1.61290322580645,0.806451612903226,0.806451612903226,"tubesnail",3,"Egregia menziesii",75,20,5,0,81,NA,NA,NA,NA,NA,NA,NA,NA,NA,"",124,12.9032258064516,22.5806451612903,34.6774193548387,4.83870967741935,29.8387096774194,NA
"151","Hopkins",2023-04-16,"Spring","CQ","1",1,1,36.62172,-121.90375,NA,1.8018018018018,0.900900900900901,0,0,0,0,0.900900900900901,0,"",0,81.0810810810811,11.7117117117117,2.7027027027027,0.900900900900901,0,"",0,"",90,0,0,10,186,NA,NA,NA,NA,NA,NA,NA,NA,NA,"",111,0.900900900900901,0.900900900900901,2.7027027027027,15.3153153153153,96.3963963963964,NA
"152","Hopkins",2023-04-16,"Spring","CQ","2",NA,NA,36.6217,-121.90329,NA,4.76190476190476,0.952380952380952,12.3809523809524,0,0.952380952380952,0,0.952380952380952,0,"",0.952380952380952,41.9047619047619,34.2857142857143,0,0.952380952380952,1.9047619047619,"tube worm",0,"",100,0,0,0,167,NA,NA,NA,NA,NA,NA,NA,NA,NA,"",105,1.9047619047619,13.3333333333333,18.0952380952381,37.1428571428571,79.047619047619,NA
"153","Hopkins",2023-04-16,"Spring","CQ","3",NA,NA,36.62157,-121.90327,NA,25.4545454545455,9.09090909090909,7.27272727272727,0,2.72727272727273,0,16.3636363636364,0,"",0,10.9090909090909,23.6363636363636,2.72727272727273,0.909090909090909,0.909090909090909,"tube worm",0,"",100,0,0,0,32,NA,NA,NA,NA,NA,NA,NA,NA,NA,"",110,19.0909090909091,16.3636363636364,41.8181818181818,28.1818181818182,39.0909090909091,NA
"154","Hopkins",2023-04-16,"Spring","CQ","4",2,2,36.6214,-121.90308,NA,43.75,4.16666666666667,0,0,0,0,0,0,"",0,25,19.7916666666667,6.25,1.04166666666667,0,"",0,"",100,0,0,0,65,NA,NA,NA,NA,NA,NA,NA,NA,NA,"",96,0,4.16666666666667,47.9166666666667,27.0833333333333,52.0833333333333,NA
"155","Hopkins",2023-04-16,"Spring","CQ","5",NA,NA,36.62115,-121.90308,NA,9.61538461538462,7.69230769230769,5.76923076923077,0,1.92307692307692,0,55.7692307692308,0,"",4.80769230769231,3.84615384615385,7.69230769230769,0.961538461538462,1.92307692307692,0,"",0,"",100,0,0,0,62,NA,NA,NA,NA,NA,NA,NA,NA,NA,"",104,57.6923076923077,13.4615384615385,23.0769230769231,10.5769230769231,14.4230769230769,NA
"156","China Rock",2023-04-20,"Spring","CQ","1",1,1,36.60637,-121.95952,NA,25.2631578947368,21.0526315789474,10.5263157894737,0,0,0,1.05263157894737,0,"",3.15789473684211,26.3157894736842,7.36842105263158,4.21052631578947,1.05263157894737,0,"",0,"",99,0,1,0,76,NA,NA,NA,NA,NA,NA,NA,NA,NA,"",95,1.05263157894737,31.578947368421,56.8421052631579,12.6315789473684,38.9473684210526,NA
"157","China Rock",2023-04-20,"Spring","CQ","2",1,1,36.60622,-121.95956,NA,13.7254901960784,7.84313725490196,2.94117647058824,0,6.86274509803922,0,7.84313725490196,0,"",3.92156862745098,54.9019607843137,0.980392156862745,0.980392156862745,0,0,"",10,"Dictoneuropsis reticulata",0,70,30,0,97,NA,NA,NA,NA,NA,NA,NA,NA,NA,"",102,14.7058823529412,10.7843137254902,24.5098039215686,1.96078431372549,56.8627450980392,NA
"158","China Rock",2023-04-20,"Spring","CQ","3",1,1,36.60607,-121.95967,NA,14.4230769230769,6.73076923076923,0.961538461538462,0,0.961538461538462,5.76923076923077,26.9230769230769,0,"",4.80769230769231,36.5384615384615,0.961538461538462,1.92307692307692,0,0,"",0,"",0,70,30,0,10,NA,NA,NA,NA,NA,NA,NA,NA,NA,"",104,33.6538461538462,7.69230769230769,22.1153846153846,2.88461538461538,39.4230769230769,NA
"159","China Rock",2023-04-20,"Spring","CQ","4",NA,2,36.60591,-121.96001,NA,10.7843137254902,4.90196078431373,0.980392156862745,0,2.94117647058824,5.88235294117647,3.92156862745098,0,"",0,62.7450980392157,0,5.88235294117647,1.96078431372549,0,"",0,"",60,10,30,0,95,NA,NA,NA,NA,NA,NA,NA,NA,NA,"",102,12.7450980392157,5.88235294117647,16.6666666666667,7.84313725490196,70.5882352941176,NA
"160","China Rock",2023-04-20,"Spring","CQ","5",2,NA,36.60599,-121.96005,NA,25.2252252252252,7.20720720720721,0.900900900900901,0,0.900900900900901,9.00900900900901,25.2252252252252,0,"",0,21.6216216216216,0,5.40540540540541,3.6036036036036,0.900900900900901,"tubeworm ",0,"",0,85,15,0,12,NA,NA,NA,NA,NA,NA,NA,NA,NA,"",111,35.1351351351351,8.10810810810811,33.3333333333333,9.90990990990991,31.5315315315315,NA
"161","Cannery Row",2023-04-21,"Spring","CQ","1",1,1,36.61383,-121.89743,NA,9.1743119266055,13.7614678899083,0.917431192660551,0,1.8348623853211,0.917431192660551,0.917431192660551,0,"",0,44.0366972477064,16.5137614678899,11.9266055045872,0,0,"",1,"Macrocystis pyrifera",90,10,0,0,137,NA,NA,NA,NA,NA,NA,NA,NA,NA,"",109,3.6697247706422,14.6788990825688,23.8532110091743,28.4403669724771,72.4770642201835,NA
"162","Cannery Row",2023-04-21,"Spring","CQ","2",1,1,36.61395,-121.89764,NA,18.5185185185185,3.7037037037037,7.40740740740741,0,11.1111111111111,0,25,0,"",0,21.2962962962963,9.25925925925926,1.85185185185185,1.85185185185185,0,"",1,"Egregia menziesii",0,80,20,0,41,NA,NA,NA,NA,NA,NA,NA,NA,NA,"",108,36.1111111111111,11.1111111111111,29.6296296296296,12.962962962963,34.2592592592593,NA
"163","Cannery Row",2023-04-21,"Spring","CQ","3",1,1,36.61418,-121.89782,NA,13.8297872340426,8.51063829787234,3.19148936170213,0,3.19148936170213,0,9.57446808510638,0,"",0,43.6170212765958,13.8297872340426,4.25531914893617,0,0,"",0,"",100,0,0,0,68,NA,NA,NA,NA,NA,NA,NA,NA,NA,"",94,12.7659574468085,11.7021276595745,25.531914893617,18.0851063829787,61.7021276595745,NA
"164","Cannery Row",2023-04-21,"Spring","CQ","4",2,2,36.61446,-121.89783,NA,19.3548387096774,3.2258064516129,1.61290322580645,0,4.03225806451613,0,16.9354838709677,3.2258064516129,"Macrocystis pyrifera?",0,36.2903225806452,1.61290322580645,0.806451612903226,9.67741935483871,3.2258064516129,"tube worms",1,"Macrocystis pyrifera",100,0,0,0,268,NA,NA,NA,NA,NA,NA,NA,NA,NA,"",124,24.1935483870968,4.83870967741935,24.1935483870968,15.3225806451613,51.6129032258064,NA
"165","Cannery Row",2023-04-21,"Spring","CQ","5",2,2,36.6145,-121.89776,NA,13.7254901960784,6.86274509803922,2.94117647058824,0,1.96078431372549,0.980392156862745,20.5882352941176,0,"",0,47.0588235294118,1.96078431372549,0.980392156862745,1.96078431372549,0.980392156862745,"tube snail",1,"Egregia menziesii",100,0,0,0,173,NA,NA,NA,NA,NA,NA,NA,NA,NA,"",102,23.5294117647059,9.80392156862745,23.5294117647059,5.88235294117647,52.9411764705882,NA
"166","Otter Cove",2023-04-21,"Spring","CQ","1",NA,2,36.62967,-121.92134,NA,38.1944444444444,10.4166666666667,4.86111111111111,0,10.4166666666667,0.694444444444444,13.1944444444444,0,"",0.694444444444444,13.8888888888889,2.08333333333333,0,5.55555555555556,0,"",0,"",95,0,0,5,100,NA,NA,NA,NA,NA,NA,NA,NA,NA,"",144,24.3055555555556,15.2777777777778,53.4722222222222,7.63888888888889,21.5277777777778,NA
"167","Otter Cove",2023-04-21,"Spring","CQ","2",NA,2,36.62963,-121.92136,NA,13.0081300813008,20.3252032520325,2.4390243902439,0,24.390243902439,0.813008130081301,26.8292682926829,0,"",0,9.75609756097561,0,2.4390243902439,0,0,"",0,"",100,0,0,0,51,NA,NA,NA,NA,NA,NA,NA,NA,NA,"",123,52.0325203252033,22.7642276422764,35.7723577235772,2.4390243902439,12.1951219512195,NA
"168","Otter Cove",2023-04-21,"Spring","CQ","3",2,1,36.62808,-121.92039,NA,34.6534653465347,6.93069306930693,6.93069306930693,0.99009900990099,12.8712871287129,0,8.91089108910891,0,"",11.8811881188119,8.91089108910891,0,3.96039603960396,2.97029702970297,0.99009900990099,"tube worms",1,"Macrocystis pyrifera",100,0,0,0,15,NA,NA,NA,NA,NA,NA,NA,NA,NA,"",101,21.7821782178218,13.8613861386139,48.5148514851485,7.92079207920792,16.8316831683168,NA
"169","Otter Cove",2023-04-21,"Spring","CQ","4",2,1,36.62802,-121.92038,NA,35.0877192982456,11.4035087719298,2.63157894736842,1.75438596491228,20.1754385964912,0,24.5614035087719,0,"",0.87719298245614,2.63157894736842,0,0.87719298245614,0,0,"",0,"",98,0,2,0,15,NA,NA,NA,NA,NA,NA,NA,NA,NA,"",114,44.7368421052632,14.0350877192982,49.1228070175439,0.87719298245614,3.50877192982456,NA
"170","Otter Cove",2023-04-21,"Spring","CQ","5",2,1,36.62802,-121.92026,NA,19.4444444444444,24.0740740740741,15.7407407407407,0.925925925925926,3.7037037037037,0,9.25925925925926,8.33333333333333,"",5.55555555555556,9.25925925925926,0,0,1.85185185185185,1.85185185185185,"1 tube worm 1 sponge",0,"",0,85,15,0,49,NA,NA,NA,NA,NA,NA,NA,NA,NA,"",108,21.2962962962963,39.8148148148148,59.2592592592593,3.7037037037037,12.962962962963,NA
"171","Soberanes Pt.",2023-04-22,"Spring","CQ","1",NA,NA,36.45275,-121.93027,NA,4.23728813559322,33.8983050847458,6.77966101694915,0,0.847457627118644,8.47457627118644,14.4067796610169,18.6440677966102,"Alaria marginata",0,0,0,11.0169491525424,0,1.69491525423729,"sponge",0,"",100,0,0,0,57,NA,NA,NA,NA,NA,NA,NA,NA,NA,"",118,42.3728813559322,40.6779661016949,44.9152542372881,12.7118644067797,12.7118644067797,NA
"172","Soberanes Pt.",2023-04-22,"Spring","CQ","2",1,1,36.45284,-121.93015,NA,11.5107913669065,15.8273381294964,5.03597122302158,0,0,9.35251798561151,4.31654676258993,39.568345323741,"Alaria marginata, Egregia menziesii",0,5.75539568345324,0,4.31654676258993,2.15827338129496,2.15827338129496,"sponge",0,"",100,0,0,0,84,NA,NA,NA,NA,NA,NA,NA,NA,NA,"",139,53.2374100719424,20.863309352518,32.3741007194245,8.63309352517986,14.3884892086331,NA
"173","Soberanes Pt.",2023-04-22,"Spring","CQ","3",1,1,36.45285,-121.93006,NA,11.3475177304965,19.8581560283688,7.09219858156028,2.12765957446809,4.9645390070922,2.83687943262411,2.83687943262411,12.0567375886525,"Alaria marginata, Egregia menziesii",0,4.25531914893617,0.709219858156028,17.7304964539007,0,14.1843971631206,"18 tubeworm, 2 sponge",0,"",100,0,0,0,113,NA,NA,NA,NA,NA,NA,NA,NA,NA,"",141,22.6950354609929,26.9503546099291,38.2978723404255,32.6241134751773,36.8794326241135,NA
"174","Soberanes Pt.",2023-04-22,"Spring","CQ","4",2,NA,36.4527,-121.92973,NA,3.1496062992126,22.8346456692913,18.1102362204724,0,3.1496062992126,13.3858267716535,0,11.8110236220472,"Alaria marginata, Egregia menziesii",7.08661417322835,0.78740157480315,14.9606299212598,2.36220472440945,2.36220472440945,0,"",0,"",100,0,0,0,54,NA,NA,NA,NA,NA,NA,NA,NA,NA,"",127,28.3464566929134,40.9448818897638,44.0944881889764,19.6850393700787,20.4724409448819,NA
"175","Soberanes Pt.",2023-04-22,"Spring","CQ","5",NA,2,36.45235,-121.92998,NA,2.65486725663717,21.2389380530973,12.3893805309735,0,1.76991150442478,4.42477876106195,0,14.1592920353982,"14 Alaria marginata, 2 Egregia menziesii",0,7.07964601769912,29.2035398230088,6.19469026548673,0.884955752212389,0,"",1,"Alaria marginata",100,0,0,0,56,NA,NA,NA,NA,NA,NA,NA,NA,NA,"",113,20.353982300885,33.6283185840708,36.283185840708,36.283185840708,43.3628318584071,NA
"176","Hopkins",2023-04-23,"Spring","CQ","2",NA,NA,36.62166,-121.90329,NA,1.98019801980198,0.99009900990099,12.8712871287129,0.99009900990099,0,0,0,0,"",0,41.5841584158416,39.6039603960396,0,0.99009900990099,0.99009900990099,"tube worm",0,"",100,0,0,0,119,NA,NA,NA,NA,NA,NA,NA,NA,NA,"",101,0,13.8613861386139,15.8415841584158,41.5841584158416,83.1683168316832,NA
"177","Hopkins",2023-04-23,"Spring","CQ","5",NA,NA,36.62111,-121.90307,NA,20.2020202020202,10.1010101010101,6.06060606060606,0,0,0,47.4747474747475,0,"",5.05050505050505,6.06060606060606,3.03030303030303,0,2.02020202020202,0,"",0,"",100,0,0,0,33,NA,NA,NA,NA,NA,NA,NA,NA,NA,"",99,47.4747474747475,16.1616161616162,36.3636363636364,5.05050505050505,11.1111111111111,NA
"178","Pt. Pinos",2023-04-23,"Spring","CQ","1",NA,NA,36.63767,-121.93603,NA,22.4489795918367,14.2857142857143,1.02040816326531,0,9.18367346938776,1.02040816326531,25.5102040816327,0,"",17.3469387755102,6.12244897959184,1.02040816326531,1.02040816326531,0,1.02040816326531,"tube worm",0,"",100,0,0,0,14,NA,NA,NA,NA,NA,NA,NA,NA,NA,"",98,35.7142857142857,15.3061224489796,37.7551020408163,3.06122448979592,9.18367346938776,NA
"179","Pt. Pinos",2023-04-23,"Spring","CQ","2",NA,1,36.63799,-121.93672,NA,14.6551724137931,2.58620689655172,1.72413793103448,0,0.862068965517241,1.72413793103448,20.6896551724138,0,"",0.862068965517241,51.7241379310345,5.17241379310345,0,0,0,"",1,"Macrocystis pyrifera",0,60,40,0,16,NA,NA,NA,NA,NA,NA,NA,NA,NA,"",116,23.2758620689655,4.31034482758621,18.9655172413793,5.17241379310345,56.8965517241379,NA
"180","Pt. Pinos",2023-04-23,"Spring","CQ","3",NA,1,36.63805,-121.93686,NA,27.1186440677966,1.69491525423729,0.847457627118644,0.847457627118644,0.847457627118644,16.9491525423729,21.1864406779661,0,"",0,11.864406779661,5.93220338983051,11.864406779661,0.847457627118644,0,"",0,"",0,85,5,10,7,NA,NA,NA,NA,NA,NA,NA,NA,NA,"",118,38.9830508474576,2.54237288135593,29.6610169491525,18.6440677966102,30.5084745762712,NA
"181","Pt. Pinos",2023-04-23,"Spring","CQ","4",NA,2,36.63844,-121.93713,NA,34.7826086956522,18.4782608695652,1.08695652173913,0,2.17391304347826,5.43478260869565,13.0434782608696,0,"",2.17391304347826,8.69565217391304,3.26086956521739,4.34782608695652,1.08695652173913,5.43478260869565,"4 tube worm, 1 sponge",0,"",95,0,0,5,49,NA,NA,NA,NA,NA,NA,NA,NA,NA,"",92,20.6521739130435,19.5652173913043,54.3478260869565,14.1304347826087,22.8260869565217,NA
"182","Pt. Pinos",2023-04-23,"Spring","CQ","5",NA,2,36.63849,-121.93727,NA,39.0909090909091,11.8181818181818,1.81818181818182,0,2.72727272727273,1.81818181818182,7.27272727272727,0,"",1.81818181818182,16.3636363636364,8.18181818181818,3.63636363636364,5.45454545454545,0,"",1,"Macrocystis pyrifera",80,10,5,5,32,NA,NA,NA,NA,NA,NA,NA,NA,NA,"vertical quadrat",110,11.8181818181818,13.6363636363636,52.7272727272727,17.2727272727273,33.6363636363636,NA
