Date,Site,Transect,Lat_Start,Long_Start,Lat_End,Long_End,Quad,Side,Rock,Boulder,Cobble,Sand,Investigators,Entered By,Checked By,Notes
250624,John Denver,1,36.5439,-121.93401,,,1,land,50,30,10,10,,RC,,
250624,John Denver,1,36.5439,-121.93401,,,2,land,45,35,15,5,,RC,,
250624,John Denver,1,36.5439,-121.93401,,,3,land,100,0,0,0,,RC,,
250624,John Denver,1,36.5439,-121.93401,,,4,sea,100,0,0,0,,RC,,
250624,John Denver,1,36.5439,-121.93401,,,5,sea,100,0,0,0,,RC,,
250624,John Denver,2,36.63757,-121.93008,36.63767,-121.93022,1,land,0,80,20,0,,RC,,
250624,John Denver,2,36.63757,-121.93008,36.63767,-121.93022,2,sea,5,0,90,5,,RC,,
250624,John Denver,2,36.63757,-121.93008,36.63767,-121.93022,3,land,100,0,0,0,,RC,,
250624,John Denver,2,36.63757,-121.93008,36.63767,-121.93022,4,sea,90,0,0,10,,RC,,
250624,John Denver,2,36.63757,-121.93008,36.63767,-121.93022,5,land,100,0,0,0,,RC,,
250625,John Denver,3,36.63768,-121.93024,36.63781,-121.93632,1,sea,45,45,0,10,RC,RC,,
250625,John Denver,3,36.63768,-121.93024,36.63781,-121.93632,2,land,10,85,0,5,RC,RC,,
250625,John Denver,3,36.63768,-121.93024,36.63781,-121.93632,3,land,20,75,0,5,RC,RC,,
250625,John Denver,3,36.63768,-121.93024,36.63781,-121.93632,4,sea,47,40,0,13,RC,RC,,
250625,John Denver,3,36.63768,-121.93024,36.63781,-121.93632,5,land,55,40,2,3,RC,RC,,
250626,John Denver,4,36.63782,-121.93024,36.63793,-121.93034,1,land,100,0,0,0,SG,RC,,
250626,John Denver,4,36.63782,-121.93024,36.63793,-121.93034,2,land,100,0,0,0,SG,RC,,
250626,John Denver,4,36.63782,-121.93024,36.63793,-121.93034,3,sea,100,0,0,0,SG,RC,,
250626,John Denver,4,36.63782,-121.93024,36.63793,-121.93034,4,land,100,0,0,0,SG,RC,,
250626,John Denver,4,36.63782,-121.93024,36.63793,-121.93034,5,sea,100,0,0,0,SG,RC,,
250627,John Denver,5,36.63778,-121.93106,36.6378,-121093106,1,sea,40,60,0,0,MS + SG,PC,,
250627,John Denver,5,36.63778,-121.93106,36.6378,-121093106,2,sea,10,80,5,5,MS + SG,PC,,
250627,John Denver,5,36.63778,-121.93106,36.6378,-121093106,3,sea,5,90,5,0,MS + SG,PC,,
250627,John Denver,5,36.63778,-121.93106,36.6378,-121093106,4,sea,0,90,5,5,MS + SG,PC,,
250627,John Denver,5,36.63778,-121.93106,36.6378,-121093106,5,sea,0,90,5,5,MS + SG,PC,,
250710,John Denver,6,36.63781,-121.93107,36.63761,-121.93133,1,land,80,10,10,0,SG,PC,,
250710,John Denver,6,36.63781,-121.93107,36.63761,-121.93133,2,sea,100,0,0,0,SG,PC,,
250710,John Denver,6,36.63781,-121.93107,36.63761,-121.93133,3,land,95,0,0,5,SG,PC,,
250710,John Denver,6,36.63781,-121.93107,36.63761,-121.93133,4,land,0,90,5,5,SG,PC,,
250710,John Denver,6,36.63781,-121.93107,36.63761,-121.93133,5,sea,0,80,20,0,SG,PC,,
250711,Cannery Row,1,36.613793,-121.89422,36.61383,-121.897616,1,sea,20,70,0,10,RC+SG,MS,,
250711,Cannery Row,1,36.613793,-121.89422,36.61383,-121.897616,2,land,82,0,0,18,RC+SG,MS,,
250711,Cannery Row,1,36.613793,-121.89422,36.61383,-121.897616,3,sea,100,0,0,0,RC+SG,MS,,
250711,Cannery Row,1,36.613793,-121.89422,36.61383,-121.897616,4,sea,80,10,0,10,RC+SG,MS,,
250711,Cannery Row,1,36.613793,-121.89422,36.61383,-121.897616,5,sea,30,60,0,10,RC+SG,MS,,
250711,Cannery Row,2,36.613937,-121.897656,N/A,N/A,1,land,95,0,0,5,MS + SG,MS,,
250711,Cannery Row,2,36.613937,-121.897656,N/A,N/A,2,sea,40,0,5,0,MS + SG,MS,,
250711,Cannery Row,2,36.613937,-121.897656,N/A,N/A,3,land,50,50,0,10,MS + SG,MS,,
250711,Cannery Row,2,36.613937,-121.897656,N/A,N/A,4,land,50,80,0,10,MS + SG,MS,,
250711,Cannery Row,2,36.613937,-121.897656,N/A,N/A,5,sea,20,50,20,10,MS + SG,MS,,
250712,Cannery Row,3,36.61421,-121.897848,36.6142868,-121.897068,1,land,50,0,0,50,MS + SG,MS,,
250712,Cannery Row,3,36.61421,-121.897848,36.6142868,-121.897068,2,land,60,0,0,0,MS + SG,MS,,
250712,Cannery Row,3,36.61421,-121.897848,36.6142868,-121.897068,3,land,100,0,0,0,MS + SG,MS,,
250712,Cannery Row,3,36.61421,-121.897848,36.6142868,-121.897068,4,land,30,40,20,10,MS + SG,MS,,
250712,Cannery Row,3,36.61421,-121.897848,36.6142868,-121.897068,5,sea,40,40,0,20,MS + SG,MS,,
250714,Cannery Row,4,36.614354,-121.897912,36.614497,-121.897772,1,sea,0,90,10,0,MS + SG,MS,,
250714,Cannery Row,4,36.614354,-121.897912,36.614497,-121.897772,2,land,100,0,0,0,MS + SG,MS,,
250714,Cannery Row,4,36.614354,-121.897912,36.614497,-121.897772,3,land,30,60,10,0,MS + SG,MS,,
250714,Cannery Row,4,36.614354,-121.897912,36.614497,-121.897772,4,land,90,0,0,10,MS + SG,MS,,
250714,Cannery Row,4,36.614354,-121.897912,36.614497,-121.897772,5,no data,90,0,10,0,MS + SG,MS,,
250724,Cannery Row,5,36.614539,-121.897798,36.614449,-121.897991,1,land,80,10,0,5,MS + SG,MS,,
250724,Cannery Row,5,36.614539,-121.897798,36.614449,-121.897991,2,sea,100,0,0,0,MS + SG,MS,,
250724,Cannery Row,5,36.614539,-121.897798,36.614449,-121.897991,3,land,99,0,0,1,MS + SG,MS,,
250724,Cannery Row,5,36.614539,-121.897798,36.614449,-121.897991,4,sea,20,80,0,0,MS + SG,MS,,
250724,Cannery Row,5,36.614539,-121.897798,36.614449,-121.897991,5,land,100,0,0,0,MS + SG,MS,,
250724,Cannery Row,6,,,,,1,sea,70,0,0,30,MS + SG,MS,,
250724,Cannery Row,6,,,,,2,land,65,10,0,25,MS + SG,MS,,
250724,Cannery Row,6,,,,,3,sea,100,0,0,0,MS + SG,MS,,
250724,Cannery Row,6,,,,,4,sea,100,0,0,0,MS + SG,MS,,
250724,Cannery Row,6,,,,,5,land,100,0,0,0,MS + SG,MS,,